tempo,beats,chroma_stft,rmse,spectral_centroid,spectral_bandwidth,rolloff,zero_crossing_rate
103.359375,50,0.38026021,0.248262286,2116.942959,1956.611056,4196.10796,0.127272473
95.703125,44,0.306450871,0.113475412,1156.070496,1497.668176,2170.053545,0.058613402
151.9990809,75,0.253487102,0.151570767,1331.07397,1973.643437,2900.17413,0.042967238
184.5703125,91,0.269320022,0.119071715,1361.045467,1567.804596,2739.625101,0.069123921
161.4990234,74,0.391058605,0.137728348,1811.076084,2052.332563,3927.809582,0.075479513
107.6660156,51,0.356588176,0.162027627,2068.371125,2033.930047,4231.499413,0.104371629
161.4990234,80,0.37470972,0.11049626,2340.432873,2256.538115,4972.503265,0.121775152
151.9990809,74,0.430894125,0.19622159,1946.565652,1979.909934,3955.867746,0.097453681
92.28515625,45,0.290948435,0.08922226,1109.569627,1463.288131,2243.569767,0.051724933
151.9990809,70,0.329162735,0.066980533,1172.065695,1705.817502,2344.952487,0.045045835
58.72691761,26,0.377690445,0.065906294,569.930721,995.4071254,927.4277253,0.021700549
117.4538352,53,0.375158189,0.198281616,1236.57428,1602.309124,2604.15092,0.044625958
172.265625,83,0.397724776,0.134891763,2272.495079,2356.855937,5108.319111,0.097657006
143.5546875,66,0.260573779,0.05134932,1132.340629,1582.492047,2065.479177,0.048313767
135.9991776,67,0.369972514,0.187148333,1388.394749,1772.85438,2754.52501,0.057147425
161.4990234,80,0.28993232,0.103115268,2513.716817,2345.230614,5247.443269,0.135146197
73.828125,35,0.305262178,0.120541789,2429.260934,2286.625281,5065.027706,0.134686638
117.4538352,54,0.368158238,0.242433578,1827.148036,1898.717124,3743.61903,0.094038736
103.359375,44,0.376686703,0.14101781,1239.337228,1659.46647,2517.61811,0.050907855
129.1992188,62,0.280456455,0.124715231,1649.293771,2190.248306,3761.427255,0.052926362
161.4990234,78,0.337922169,0.12909627,2258.538419,2176.031189,4755.429578,0.112765002
151.9990809,75,0.260668742,0.133164808,1430.582003,2075.602343,3246.730367,0.04196989
67.99958882,34,0.340983162,0.095918424,1529.835316,2038.617579,3548.820207,0.056044257
123.046875,59,0.442972306,0.125422433,2310.280604,2206.710936,4829.320798,0.128425905
172.265625,79,0.336773093,0.158098042,1442.190271,1870.534155,3083.414688,0.050889337
135.9991776,66,0.427294376,0.251263112,2314.748479,2261.694349,5036.169547,0.117950534
135.9991776,63,0.432836127,0.157825679,2032.094987,1976.298014,4023.52567,0.113166738
99.38401442,45,0.408875618,0.243217394,2206.771246,2191.473506,4657.388504,0.111525781
117.4538352,55,0.365575303,0.219079927,2645.681661,2426.198512,5612.507729,0.136468563
123.046875,59,0.277483502,0.088606924,1318.656822,1904.761177,3046.681577,0.039972925
161.4990234,81,0.36713747,0.065712959,1353.260462,1757.230941,2882.224238,0.043958918
123.046875,58,0.379427677,0.123986073,2148.786199,2204.574064,4673.663406,0.098812328
103.359375,50,0.412500764,0.168357968,2171.221742,1954.383785,4237.132712,0.132802296
78.30255682,37,0.332479591,0.117412768,2553.232415,2280.128669,5148.102203,0.14685172
99.38401442,49,0.393755548,0.196722925,1977.172377,1927.803692,3942.834492,0.106627095
107.6660156,52,0.264615866,0.113221161,1324.304356,1827.737535,2710.033613,0.051417301
129.1992188,65,0.42951088,0.148365647,1739.019621,2290.401739,4551.155813,0.048051864
117.4538352,58,0.466435909,0.192153707,2225.216647,2255.195005,4703.188227,0.108586645
123.046875,61,0.338896086,0.251350194,2141.461656,2168.01556,4627.997015,0.105151292
63.02400915,29,0.421921879,0.099404693,991.1644175,1396.523686,1943.121584,0.036052692
129.1992188,61,0.28833021,0.173407495,1506.979392,2096.637631,3404.796078,0.045430186
92.28515625,43,0.424283631,0.175920352,1886.683619,1913.224623,3828.101852,0.08992387
198.7680288,96,0.304322196,0.081461444,1455.001672,1825.885415,3009.8568,0.061350725
123.046875,54,0.248627402,0.069145128,1188.168337,1682.86015,2339.635853,0.048160329
135.9991776,63,0.40085973,0.182379857,1945.848425,2082.246626,4175.874749,0.085805982
123.046875,60,0.387851212,0.10258235,1912.506881,2361.474653,4776.862782,0.058425951
161.4990234,77,0.363602838,0.175573036,1552.481958,1747.165985,3040.514948,0.076300748
86.1328125,38,0.265883177,0.168144986,1513.422107,2140.606779,3449.67914,0.044378039
71.77734375,36,0.291308002,0.141795814,1459.078483,1388.913312,2795.616429,0.073027903
63.02400915,28,0.404779002,0.141191185,1070.119953,1596.333948,2185.028454,0.033308944
129.1992188,64,0.399025482,0.127310634,2155.654923,2372.403604,5012.019693,0.087165384
83.35433468,39,0.391009887,0.063084655,918.4054527,1437.609189,1599.67366,0.032318021
184.5703125,92,0.262248464,0.135938987,1536.783076,2157.1381,3601.028225,0.045700404
69.83741554,34,0.302346427,0.103467584,1831.942368,1729.483241,3480.937285,0.09403987
78.30255682,39,0.29188439,0.116569929,2371.099278,2209.699346,5004.111407,0.125140967
184.5703125,92,0.280714294,0.102001555,1210.197917,1497.822809,2522.101416,0.052482676
123.046875,60,0.365864946,0.124990903,1245.609395,1634.415029,2517.684776,0.048826613
83.35433468,40,0.409037128,0.142438099,1719.213163,2031.643884,3781.318802,0.06402758
103.359375,50,0.306928315,0.103913926,2595.538006,2519.296119,5660.407439,0.129245628
92.28515625,45,0.307921016,0.131785482,1451.754147,1577.369917,2955.348796,0.061435003
123.046875,59,0.414188465,0.258052379,2333.685108,2227.425609,4942.811778,0.123863197
112.3471467,55,0.396258316,0.235238001,2061.150735,2085.159448,4221.149475,0.113396896
143.5546875,70,0.276317163,0.101233549,1309.424564,1882.919367,2764.099953,0.039393186
135.9991776,66,0.390211759,0.136276096,2279.124558,2375.10212,5198.360233,0.092570491
151.9990809,75,0.233230366,0.197817639,1247.244815,1908.052722,2620.592487,0.036903783
117.4538352,43,0.255320771,0.085867926,1151.340441,1709.193938,2312.577683,0.035338789
151.9990809,73,0.339075484,0.098909535,1443.265285,1670.369919,3069.35644,0.067193849
129.1992188,62,0.386950474,0.129172012,2390.772194,2463.394088,5403.783991,0.102288875
89.10290948,43,0.377519085,0.111001439,2302.113047,2367.695875,5188.551959,0.097864488
99.38401442,49,0.321084793,0.101159468,1046.74884,1480.933764,1830.788929,0.047937352
143.5546875,71,0.315362933,0.150217772,1312.308199,1673.915613,2638.117381,0.059416496
112.3471467,54,0.367157178,0.196956158,2515.864861,2531.449159,5771.631766,0.120916124
103.359375,48,0.275974293,0.099695541,1115.729116,1398.954704,2290.444483,0.048028432
103.359375,51,0.263128588,0.086981654,1120.387619,1447.839934,2325.102607,0.0472979
151.9990809,65,0.336454382,0.112245128,2013.382437,2310.305516,4849.495676,0.075344971
172.265625,81,0.302096285,0.093281545,1088.698166,1410.947954,2134.412094,0.048323971
99.38401442,49,0.270312561,0.080653198,1420.529293,1731.192252,2930.540613,0.06371768
143.5546875,72,0.322734169,0.106164381,2159.546654,2130.376826,4685.04667,0.09834899
92.28515625,41,0.370278651,0.105060823,1538.817338,1703.507382,3175.272466,0.074799245
123.046875,61,0.349943197,0.13022463,1784.420446,2002.650192,3806.485316,0.083066391
107.6660156,51,0.348553476,0.052862491,798.2661856,1285.20124,1453.882875,0.025639679
78.30255682,38,0.421494538,0.270870328,2443.298208,2358.443293,5267.601481,0.124735451
151.9990809,71,0.263016104,0.170081377,1379.081742,2004.00085,3015.831764,0.039375801
99.38401442,48,0.341865036,0.259713769,2094.91942,2158.335963,4482.447895,0.100569687
143.5546875,69,0.377687767,0.131890103,1613.315725,1972.202261,3470.404015,0.058235853
172.265625,83,0.377977327,0.142048702,1006.758962,1530.437061,2074.679121,0.032065566
129.1992188,63,0.451905326,0.141766369,2504.026852,2180.438691,5077.152632,0.167584399
107.6660156,52,0.292729902,0.100359581,2816.676938,2372.164643,5614.449384,0.146318465
123.046875,52,0.257259335,0.09767247,1195.41164,1481.284259,2234.878153,0.058871148
80.74951172,40,0.274009231,0.081352018,1817.516386,1973.73907,3944.451148,0.079215318
83.35433468,40,0.269929297,0.079672717,1537.657183,2054.779113,3495.653862,0.056131936
83.35433468,39,0.278484462,0.076970495,1198.607665,1573.308974,2478.37668,0.051987592
135.9991776,67,0.302732316,0.075386867,1389.95551,1911.485152,3005.773491,0.052560151
92.28515625,45,0.288721001,0.095768176,1391.36771,1494.892439,2811.108002,0.072358973
161.4990234,79,0.303954489,0.142939135,1410.469096,1512.620983,2767.274933,0.062980723
107.6660156,54,0.405961416,0.16998747,2235.906951,2100.004335,4390.031787,0.142288255
135.9991776,66,0.308590128,0.091563217,1835.494603,1748.362448,3580.945013,0.101500142
92.28515625,42,0.330237548,0.09632621,2839.453119,2444.144011,5711.257131,0.154355832
89.10290948,44,0.452728355,0.200888529,2030.485224,1987.320416,4062.942099,0.103385996
112.3471467,55,0.31178045,0.106240049,2279.895453,2119.726057,4732.338051,0.117148951
92.28515625,44,0.223738306,0.044745713,2192.798091,1911.986037,4066.467077,0.152437854
161.4990234,65,0.284173046,0.041551378,1534.064978,1464.710723,2838.224504,0.093952191
143.5546875,69,0.208112888,0.051705267,1396.824265,1574.218758,2615.059187,0.075857062
95.703125,43,0.312899541,0.189936608,1680.088264,1706.919816,3077.806389,0.096725795
123.046875,62,0.258572289,0.00949774,1173.658308,1517.285384,2082.504074,0.066325374
67.99958882,24,0.225211979,0.006632959,715.1893205,1029.991545,1037.285394,0.041293401
95.703125,47,0.284017623,0.007993123,1184.632142,1525.044737,2289.452823,0.057591488
89.10290948,43,0.256394968,0.037378151,1358.897903,1417.887433,2417.593714,0.081115534
99.38401442,47,0.261489298,0.033231888,1372.825807,1579.309887,2737.933444,0.072923217
184.5703125,94,0.289978727,0.029108962,1953.048534,1865.848758,3780.627139,0.123492451
103.359375,50,0.222324061,0.036727086,1494.115744,1670.924448,2780.841518,0.085921249
143.5546875,62,0.217626991,0.018847767,789.601607,897.9943189,1158.451328,0.052112308
151.9990809,65,0.2669037,0.016525526,1213.872306,1539.55698,2163.528584,0.060558969
135.9991776,66,0.293142443,0.057000209,1932.858343,1740.355038,3573.061728,0.117520453
161.4990234,76,0.26294719,0.062616818,1313.698893,1371.049973,2397.052172,0.081097771
129.1992188,65,0.297342448,0.064123116,1184.080387,1304.603804,2139.178731,0.068293994
151.9990809,74,0.319262862,0.0405978,1016.27941,1151.881648,1823.680639,0.061154959
123.046875,55,0.268212987,0.021300973,1329.251894,1415.542891,2462.126779,0.078816984
107.6660156,48,0.239282395,0.016010107,1281.770846,1502.895726,2440.360243,0.05941045
129.1992188,55,0.190956714,0.115407556,1063.153306,1552.08904,1610.948592,0.051040886
99.38401442,45,0.217319909,0.035139497,2423.392871,1884.700007,4296.624019,0.166686445
151.9990809,75,0.253349534,0.066695653,1253.174116,1371.528234,2292.911135,0.071647715
80.74951172,39,0.252113219,0.017931728,1181.021586,1411.592641,2031.996046,0.071705538
95.703125,45,0.252391077,0.03625489,1505.299012,1558.952849,2717.008571,0.09824506
117.4538352,46,0.244665823,0.041897476,852.9122973,997.1419965,1401.283193,0.050792966
89.10290948,18,0.320224727,0.038956139,1474.803384,1813.316459,2809.941342,0.074046038
129.1992188,37,0.346797523,0.115125246,1878.644574,1964.912008,3633.986359,0.111613082
78.30255682,40,0.186563747,0.013055688,1079.448981,1388.555898,1764.672663,0.059341289
184.5703125,88,0.36900834,0.013995526,1424.013746,1696.938576,2927.307299,0.070154905
95.703125,45,0.3338626,0.010502625,1524.906761,1868.921918,3325.104894,0.080683186
161.4990234,73,0.270814856,0.012819476,1633.534759,1735.081241,3161.255884,0.108959281
112.3471467,51,0.303159348,0.026815005,822.263434,1136.142253,1433.449665,0.039457433
172.265625,84,0.260483112,0.058851279,1340.270643,1538.935291,2521.98475,0.071713474
95.703125,43,0.267155855,0.017132366,983.6863867,1403.975606,1852.513798,0.044227246
129.1992188,56,0.216328362,0.043831587,1211.296335,1337.762505,2104.70394,0.070939102
117.4538352,49,0.250586452,0.019744933,1396.691239,1525.348096,2652.725626,0.072643174
95.703125,47,0.319468121,0.175421417,1712.446076,1607.534077,2833.457866,0.116278208
69.83741554,32,0.236665804,0.02916662,1349.415928,1522.684302,2443.618557,0.079280322
99.38401442,47,0.312157698,0.031521458,1356.373033,1494.74248,2496.726569,0.076861213
143.5546875,72,0.265696528,0.029998526,1137.95424,1480.521866,1821.180654,0.081868364
117.4538352,52,0.282797433,0.042976044,1415.07921,1448.743591,2489.501613,0.08737929
161.4990234,80,0.223170801,0.042299889,1705.704611,1646.292971,3175.73913,0.112866664
95.703125,45,0.215812677,0.023866184,2172.340941,1883.258566,4066.55041,0.151986231
135.9991776,68,0.187032426,0.031731356,794.9184861,1295.689452,1007.277242,0.04503223
123.046875,55,0.207163261,0.02920289,828.7544423,1325.839316,1013.485538,0.047511806
143.5546875,28,0.303928026,0.012362544,1128.264022,1375.873089,2165.770237,0.054393095
99.38401442,35,0.219209088,0.008010743,1054.489587,1455.684587,1947.038227,0.047664489
95.703125,45,0.181161139,0.084155142,1807.461178,1439.026566,3071.923091,0.130958014
103.359375,50,0.245015087,0.029512677,1497.196639,1570.533625,2868.149323,0.08621641
143.5546875,22,0.267353394,0.031687785,1118.227507,1702.17492,1993.671278,0.046355351
99.38401442,49,0.277865226,0.043869056,1490.03481,1599.959102,2784.916493,0.09004972
83.35433468,37,0.216583675,0.011433194,1371.560999,1562.1589,2620.284156,0.075752376
161.4990234,76,0.244239298,0.031917829,1355.797918,1615.509457,2522.409747,0.070855959
184.5703125,86,0.236279315,0.138628036,1175.77635,1502.581165,1901.213504,0.062295542
107.6660156,53,0.286158732,0.007970527,1170.074748,1595.535985,2360.219061,0.049492898
89.10290948,32,0.198925769,0.012563469,1118.108795,1944.796302,1873.613671,0.042299064
161.4990234,74,0.387949211,0.055504654,2411.938718,2436.355441,4994.711464,0.126970132
161.4990234,79,0.239078871,0.018684961,1157.889858,1320.769334,2181.978473,0.070668885
86.1328125,43,0.227545203,0.013565917,1800.707843,1780.942269,3426.854278,0.124357147
95.703125,36,0.235657963,0.031418923,1179.908654,1332.076043,2153.69531,0.065938755
103.359375,48,0.283133883,0.008045236,792.8999211,1205.27047,1207.567698,0.036581789
103.359375,45,0.294134905,0.028241822,1302.662455,1455.251726,2347.185807,0.070536233
161.4990234,79,0.245645579,0.038903285,1278.601087,1311.814973,2233.269829,0.081748183
135.9991776,58,0.246935361,0.041608013,1558.813953,1578.563682,2922.065664,0.09221524
117.4538352,53,0.278348916,0.02973626,1243.718021,1358.625381,2353.127438,0.063724482
135.9991776,67,0.266760217,0.045469102,1371.283566,1440.791445,2570.001126,0.07956679
107.6660156,52,0.309652754,0.0388886,1525.619293,1588.175467,2732.975141,0.091587882
215.3320313,95,0.304577593,0.139884323,1465.481886,1554.510617,2749.191709,0.087918969
151.9990809,57,0.243056368,0.021505473,949.460832,1112.245413,1695.881412,0.060726012
123.046875,57,0.305244371,0.068768859,1803.621756,1898.059829,3366.512976,0.104016378
71.77734375,30,0.234236042,0.02944977,1526.647067,1499.532617,2915.974034,0.108951722
215.3320313,106,0.276529211,0.040873736,1358.918358,1516.208523,2667.900534,0.07314695
103.359375,53,0.311586873,0.123812079,2224.870164,2274.309912,4467.431319,0.109446428
107.6660156,44,0.253792937,0.016777493,1751.271417,1929.810758,3235.663768,0.095257927
172.265625,86,0.29654677,0.160943836,1515.562085,1642.201168,2770.916578,0.087271581
95.703125,46,0.226774792,0.020157427,690.0759016,1357.993036,749.0621372,0.036054204
143.5546875,69,0.43790937,0.005275614,972.0335267,1615.116867,1907.413466,0.031537602
151.9990809,59,0.294410143,0.044319287,1279.041661,1339.072399,2376.660629,0.075835898
143.5546875,66,0.268581567,0.043271575,1431.427561,1558.388149,2836.657847,0.075238774
198.7680288,96,0.261728171,0.134665444,1327.314425,1326.718843,2172.570196,0.093852796
83.35433468,40,0.257274684,0.05739738,1559.721852,1615.769538,2812.832991,0.095202372
117.4538352,47,0.217421432,0.016483212,1171.718503,1466.931645,2235.903146,0.060884741
135.9991776,40,0.381394246,0.080538675,1527.629816,2079.663702,3220.847191,0.060105079
129.1992188,60,0.232114129,0.031741571,1388.034995,1456.184587,2598.750952,0.080889534
112.3471467,56,0.2150638,0.030627836,1360.408354,1441.143831,2387.218898,0.087771578
143.5546875,66,0.234085778,0.031621873,1279.614578,1370.57412,2389.502218,0.068473131
161.4990234,79,0.237426219,0.037299454,1359.905307,1572.452917,2568.617801,0.072116722
135.9991776,67,0.226947912,0.082526974,1623.859388,1551.627434,2732.316811,0.108258227
234.9076705,117,0.270478239,0.023797711,1216.293762,1582.801551,2560.259518,0.056270257
123.046875,57,0.27404574,0.038926434,1369.627553,1465.90437,2655.117278,0.07356796
107.6660156,40,0.276292326,0.047907226,1211.199952,1367.098873,2237.361471,0.068446298
123.046875,52,0.274433506,0.021447383,876.8756126,1108.440322,1457.207855,0.051046555
161.4990234,76,0.219015447,0.016757213,811.6796467,1008.655016,1236.067526,0.048344757
117.4538352,56,0.282586724,0.069164112,1551.647144,1651.379206,2841.574484,0.093299511
135.9991776,68,0.240704898,0.02841945,901.8344805,1171.915796,1456.666192,0.053449412
143.5546875,69,0.269064543,0.038438499,1218.290508,1353.616224,2295.177788,0.069812881
117.4538352,57,0.27942064,0.020731511,1284.921775,1659.622614,2476.568358,0.063749803
151.9990809,76,0.281669837,0.048188843,1322.026416,1590.233329,2473.626709,0.076126146
135.9991776,67,0.254773571,0.034038126,1516.626219,1629.500705,2973.782018,0.078787883
112.3471467,25,0.245490778,0.021982316,1001.400439,1151.028078,1731.722862,0.057948251
129.1992188,63,0.368092659,0.080045708,2812.346073,2842.052898,6062.66334,0.129564976
117.4538352,57,0.385935427,0.166555628,2253.204762,2261.379389,4798.895982,0.106092707
112.3471467,55,0.420833366,0.214586481,2800.075712,2773.102993,6003.997028,0.128437243
92.28515625,44,0.316779954,0.104575358,2456.532022,2387.530598,4914.653615,0.123615655
80.74951172,38,0.291387753,0.074703075,1861.057194,2127.116042,3768.568879,0.076511253
86.1328125,42,0.383708065,0.248499468,2797.736904,2847.642919,6220.395719,0.107137296
112.3471467,55,0.352270097,0.087164536,1327.831388,1632.974506,2756.025001,0.06108731
107.6660156,51,0.322418487,0.079798445,1425.752976,1648.56771,2880.432582,0.060173861
117.4538352,54,0.382781028,0.209497571,2966.086095,2848.106749,6349.153274,0.124161003
172.265625,81,0.349444688,0.083514556,1130.886211,1458.3591,2216.528264,0.050243082
99.38401442,49,0.37593091,0.100015283,2322.072178,2545.572141,4581.113965,0.104371251
112.3471467,52,0.32070465,0.136488095,1701.104158,1709.06169,3242.238728,0.098867505
83.35433468,40,0.305421795,0.038872898,1495.431718,2331.783937,3052.531542,0.035481267
135.9991776,68,0.403251531,0.095012777,2530.74725,2491.451024,5071.602666,0.134300019
95.703125,47,0.429775592,0.236616299,3191.425441,2948.092201,6926.274784,0.15687887
143.5546875,71,0.318417073,0.131082878,1435.953599,1729.570808,2924.057319,0.059551416
78.30255682,37,0.360077533,0.113714896,1730.373891,2248.357622,3360.221348,0.066520006
143.5546875,72,0.380915708,0.220833227,2157.173866,2160.156325,4477.806257,0.108256715
117.4538352,58,0.270662087,0.176190317,1425.172886,1690.809778,2980.456978,0.061744903
78.30255682,38,0.345527778,0.146656573,2776.973083,2647.557759,5621.491008,0.132964427
184.5703125,89,0.321364046,0.07506945,1719.132309,2141.802338,3447.795818,0.068053254
103.359375,50,0.421538415,0.244199038,2898.717713,2878.981441,6399.852968,0.112935825
112.3471467,52,0.31325184,0.100864552,2052.962558,2187.763505,4094.358575,0.095296098
123.046875,60,0.437725508,0.096355155,3760.344266,3053.080528,7442.588329,0.212374755
95.703125,45,0.371812316,0.179790244,2187.471351,2242.244357,4841.754056,0.113754036
151.9990809,73,0.379559639,0.10479077,1959.271916,2146.945003,4208.866216,0.094266248
117.4538352,58,0.351040426,0.109432384,1779.467602,2036.015047,3873.334912,0.07890693
143.5546875,70,0.292286856,0.118450366,1261.282795,1396.006665,2421.143693,0.060543096
129.1992188,63,0.417339864,0.203942224,2926.7185,2735.991305,6171.979346,0.1364508
103.359375,50,0.36541254,0.105235696,2408.314694,2531.852509,5213.060144,0.086858129
135.9991776,64,0.284339131,0.145492747,1535.395806,2011.608338,3510.37044,0.052538987
92.28515625,46,0.391821644,0.116631806,2012.171334,2140.555052,3908.251367,0.097395103
151.9990809,71,0.345062521,0.156651527,1711.175091,1873.507906,3556.561827,0.082273501
129.1992188,60,0.397806469,0.113248326,2633.922461,2898.567268,5807.38155,0.095856185
117.4538352,58,0.372106413,0.133564189,1879.785435,2085.582341,4031.808954,0.078317365
64.59960938,31,0.321187131,0.055443756,857.7891096,1237.78291,1444.441266,0.035381872
89.10290948,44,0.318283589,0.094151512,1473.912849,1885.771478,2925.273978,0.059818988
112.3471467,55,0.366837659,0.206714645,1474.849928,1745.839794,3108.264538,0.062992816
151.9990809,74,0.310321996,0.090676568,1784.27572,1840.084312,3556.653493,0.094129438
129.1992188,65,0.357048722,0.155022964,1881.203343,2116.279486,4111.441805,0.081104196
75.99954044,36,0.312788955,0.104295596,1654.46641,2105.483488,3908.226367,0.060207875
143.5546875,68,0.373357618,0.109016038,2450.189946,2560.528371,5043.427836,0.106333068
117.4538352,58,0.310875244,0.11697194,1939.745427,2482.443437,4127.383376,0.063973158
99.38401442,48,0.330975362,0.060516153,1823.306451,2206.139275,4016.384047,0.067601632
112.3471467,54,0.365068071,0.144322351,1935.1376,1970.130683,4048.792184,0.094769646
83.35433468,38,0.297211039,0.146174699,2307.323592,2618.042083,5187.101968,0.074133717
78.30255682,39,0.374185938,0.103361629,2109.337133,1933.798703,3843.926756,0.115891967
112.3471467,55,0.348026723,0.153091595,1560.810749,1782.78484,3175.039134,0.067187424
86.1328125,42,0.250901531,0.092585362,1537.614201,1716.081352,3054.864861,0.068123927
143.5546875,70,0.322114439,0.104637668,1321.678546,1667.211777,2583.926042,0.052503084
69.83741554,34,0.34211236,0.1410539,1373.032519,1930.37552,3068.806443,0.042916596
89.10290948,43,0.373333013,0.13357532,2271.250552,2297.189128,4956.695028,0.108254447
143.5546875,68,0.297332213,0.128384501,1321.679067,1409.586676,2590.39267,0.066525297
143.5546875,71,0.328347235,0.108645625,1589.675139,1806.062845,3159.77256,0.073914519
135.9991776,68,0.364744953,0.092667326,2951.907479,3036.164479,6568.810279,0.124742254
99.38401442,46,0.387533956,0.153314367,2049.759446,2188.191879,4435.639845,0.089407245
103.359375,50,0.39158407,0.117735282,2386.771961,2715.987266,5389.467411,0.087025929
66.25600962,32,0.355374698,0.27432245,2505.933069,2573.374143,5478.441873,0.104739729
112.3471467,55,0.300904491,0.078503743,2838.229767,2798.433783,6046.688437,0.110105154
86.1328125,41,0.31979059,0.180661365,1965.183644,2036.594867,4059.808784,0.093017956
151.9990809,71,0.374919204,0.09583953,1549.301139,1824.136756,3290.546769,0.069752791
107.6660156,51,0.329772515,0.100549683,1269.551654,1700.914204,2496.526571,0.054831868
107.6660156,50,0.288990716,0.109896325,1043.308817,1392.002361,1943.913245,0.04559534
99.38401442,48,0.37400606,0.072086573,2069.148285,2437.82183,4234.291062,0.085002887
66.25600962,32,0.263167135,0.082595088,1512.231202,1865.987055,3237.997087,0.060115283
89.10290948,42,0.378566648,0.167951643,2101.581935,2152.294379,4416.314962,0.101029623
112.3471467,56,0.323634653,0.143642813,1600.231578,1826.444358,3007.031817,0.075816246
117.4538352,56,0.353266458,0.089481652,1563.374761,1779.162514,3233.897112,0.064756222
129.1992188,63,0.413791289,0.230527565,2937.89602,2839.611507,6279.31203,0.126987516
80.74951172,40,0.319234427,0.136248827,1468.686371,1960.783703,3212.922239,0.054941089
73.828125,34,0.337934887,0.135480255,1596.183593,1853.273054,3291.43843,0.069265265
112.3471467,55,0.34799302,0.163847014,1796.174689,2148.556603,4163.958154,0.073270154
135.9991776,67,0.359163892,0.078261472,2614.199516,2655.920247,5435.2588,0.119286883
64.59960938,28,0.274738275,0.09031941,1552.625942,1848.605499,3166.755851,0.059249453
135.9991776,66,0.355074262,0.082347721,1533.876264,1696.928538,3117.38115,0.071123531
161.4990234,75,0.22138995,0.079631358,1240.515214,1996.754074,2412.635411,0.042844034
66.25600962,31,0.376450179,0.043277819,1143.784023,1443.360893,2221.644899,0.049857975
103.359375,52,0.353716478,0.152694479,1622.938006,1963.460408,3527.45367,0.066063093
60.09265988,30,0.314423473,0.107209481,1397.863865,1896.229917,3101.231247,0.04858663
117.4538352,57,0.325720026,0.218068883,1754.183605,1862.055319,3505.012139,0.09739926
161.4990234,77,0.376894439,0.204363585,2174.033869,2280.888606,4347.882042,0.102564384
71.77734375,35,0.328678024,0.069534063,1115.674938,1662.780776,2347.919136,0.035474464
89.10290948,44,0.309865384,0.117109485,1213.994582,1555.331196,2274.019583,0.054208667
161.4990234,81,0.370462657,0.17655021,2334.815498,2212.435361,4838.854073,0.1212196
89.10290948,36,0.357299575,0.088743068,1469.737976,1959.917728,2966.673728,0.063856001
172.265625,87,0.390515287,0.130199984,2166.90472,2277.658905,4794.562675,0.102375798
89.10290948,42,0.328710461,0.175382957,1555.945969,1761.610245,3218.172207,0.067229374
80.74951172,38,0.310236693,0.115303323,963.088314,1234.716772,1752.747735,0.045768431
89.10290948,43,0.296503763,0.12694478,1667.818318,2053.119117,3440.595862,0.06406764
184.5703125,91,0.337355427,0.131474942,1513.095174,1558.087857,2922.548994,0.087843006
83.35433468,40,0.31569627,0.082136124,1138.632253,1462.002803,2117.42053,0.050959631
67.99958882,33,0.31504222,0.130141526,1741.663079,1985.597024,3790.693745,0.075437563
83.35433468,38,0.333914555,0.131469071,1615.21912,2017.329319,3661.544526,0.058282716
86.1328125,42,0.370082151,0.096804969,2068.584799,2369.969616,4097.616889,0.095610533
135.9991776,66,0.371188072,0.147411332,1927.367571,1972.027627,3883.251519,0.099030391
129.1992188,62,0.27033032,0.096628912,1739.375804,1907.402451,3425.629286,0.082459819
112.3471467,56,0.344659977,0.022724787,1826.924934,2050.394029,3646.994614,0.084824884
123.046875,60,0.282868356,0.110603459,894.186247,1195.410065,1638.990089,0.038680794
151.9990809,76,0.367295939,0.090958089,2860.295766,2919.888398,6247.020558,0.121157998
73.828125,34,0.347253209,0.079920396,1565.431223,2016.069774,3188.930717,0.05730313
129.1992188,64,0.547849886,0.293919712,2583.277699,2626.310838,5855.472926,0.099772639
112.3471467,55,0.4028408,0.177658334,2649.161608,2383.908998,5545.749799,0.151164619
129.1992188,63,0.420331771,0.173692465,2874.926232,2759.729292,6019.138603,0.134784143
107.6660156,52,0.416230409,0.106856473,2956.533794,2599.726703,6131.879588,0.162692516
123.046875,60,0.434023484,0.205720156,2522.846358,2564.573938,5342.884359,0.11443506
95.703125,47,0.373596079,0.188945338,3132.641648,3007.907247,6863.758496,0.130976532
112.3471467,55,0.428765137,0.175910071,2739.121687,2613.822058,5711.048799,0.131749392
107.6660156,46,0.407507468,0.153386354,2461.141638,2302.605312,5019.06965,0.137087228
123.046875,60,0.452939453,0.084804155,2292.468635,2348.098326,5038.3612,0.099815345
117.4538352,56,0.445018934,0.147005647,2117.462166,2143.896584,4198.79961,0.103662638
107.6660156,45,0.401191265,0.111385122,3248.458147,3304.956516,7422.10512,0.124054805
112.3471467,56,0.435372771,0.098187365,2808.988574,2530.916223,6001.43871,0.155950682
123.046875,58,0.416426386,0.125332192,2591.333356,2162.920133,5061.694393,0.169878036
135.9991776,66,0.429041137,0.110903464,2690.92808,2480.550441,5776.473404,0.129957264
184.5703125,88,0.421090802,0.170834392,3391.852766,3108.955075,7204.406436,0.159576888
103.359375,52,0.384024046,0.147585303,3074.955857,3031.864321,6848.700254,0.138533932
123.046875,61,0.358139628,0.107911535,2410.021365,2575.821842,5080.377613,0.099660395
112.3471467,56,0.503475456,0.062049866,2455.093238,2100.058517,4726.188088,0.151463937
117.4538352,57,0.411988598,0.177181631,3290.413717,2766.217544,6514.760606,0.188546857
129.1992188,64,0.454597563,0.163963109,3637.59279,3198.874413,7771.178009,0.1900956
123.046875,61,0.473948335,0.192015022,2848.18603,2490.570603,5506.541703,0.163665299
129.1992188,63,0.442068601,0.119054765,3016.609887,2623.393865,5954.63066,0.170653541
107.6660156,52,0.389109565,0.111642651,1931.219394,2209.020993,4515.731027,0.083641218
123.046875,60,0.482954358,0.172593459,3713.486946,3188.498151,7726.703278,0.198247478
117.4538352,56,0.370181725,0.076209359,1937.933613,2099.909892,4164.299819,0.092472986
123.046875,58,0.422668341,0.181021422,2576.987046,2387.328502,5419.34223,0.138245952
123.046875,58,0.404679993,0.116156153,2564.559468,2670.214278,5388.834081,0.120760041
161.4990234,79,0.342670926,0.124654412,2117.805663,2114.988848,4351.123689,0.103301719
129.1992188,63,0.372612338,0.143021733,2624.938571,2709.816172,5606.199433,0.120258532
107.6660156,53,0.449311837,0.20737502,2722.057084,2569.15588,5469.391927,0.144552036
123.046875,60,0.417187212,0.115771078,3257.059829,2898.058255,6680.934601,0.17381452
129.1992188,64,0.417253043,0.122285634,2217.946819,2245.246235,4743.654649,0.110993282
107.6660156,51,0.384621595,0.119271621,2139.139353,2190.014693,4525.914299,0.100266967
107.6660156,52,0.460472873,0.106418893,2651.190005,2309.004232,5371.90085,0.157723914
135.9991776,62,0.450338663,0.170026511,3167.980429,3047.608464,6935.124731,0.150862277
129.1992188,60,0.391870003,0.157026514,2450.413166,2388.104398,5024.436285,0.124499247
103.359375,50,0.416554564,0.092022017,2481.721635,2178.552373,4956.578362,0.134406973
99.38401442,45,0.416457689,0.173629597,2036.954565,2079.401702,4203.599581,0.091599219
123.046875,62,0.403341184,0.116986535,2279.809625,2269.731452,4828.429136,0.110218154
103.359375,51,0.394061419,0.136033311,2403.884315,2394.949747,4901.403695,0.121677647
129.1992188,63,0.357578778,0.122907102,3653.421307,3234.175702,7835.319288,0.180834507
117.4538352,54,0.415675669,0.206753716,2308.771409,2277.901948,4944.08677,0.117602463
99.38401442,48,0.388652254,0.059225518,2143.579424,2414.165043,4956.820027,0.084750432
117.4538352,56,0.370712767,0.106738217,2458.014671,2400.826659,5268.993139,0.117532925
135.9991776,68,0.420914063,0.145194128,2605.094454,2533.398525,5352.534301,0.126388503
103.359375,51,0.436164582,0.173815176,3087.386905,2812.593397,6529.785515,0.156306689
117.4538352,55,0.414119347,0.087636374,1959.45888,2210.825356,4352.890345,0.090033469
92.28515625,43,0.412008351,0.16136086,3591.672686,3398.263214,8074.176177,0.153348279
161.4990234,77,0.355832388,0.175452888,1776.252275,2452.626216,3874.509905,0.053842456
129.1992188,64,0.463063537,0.121527173,2107.848889,2072.002291,4398.073405,0.110416188
123.046875,59,0.367069767,0.149037123,2330.262231,2437.482422,4645.071912,0.109596465
123.046875,60,0.41473417,0.215964139,2361.555072,2806.500849,5437.617119,0.090189175
129.1992188,63,0.35322931,0.124295779,2251.884418,2165.019948,4558.322436,0.121913851
117.4538352,56,0.445757288,0.142339423,2296.953538,2565.714203,4887.903777,0.096335018
123.046875,59,0.421386123,0.209586501,2397.106366,2208.666121,4920.761911,0.135321177
112.3471467,55,0.435231702,0.178279251,3167.795848,2935.013937,6730.525968,0.151003244
123.046875,59,0.220496676,0.046994735,1710.861325,1620.260136,3238.955414,0.087022905
123.046875,59,0.402398513,0.152396679,3623.618001,3229.410042,7702.803422,0.17642826
86.1328125,40,0.358173131,0.078746736,2292.360734,2208.319532,4740.338002,0.116430891
123.046875,57,0.455361029,0.190633655,2802.492421,2424.94383,5449.517048,0.164407925
99.38401442,50,0.409680983,0.112341799,2616.096715,2155.850307,4983.86153,0.15437435
123.046875,59,0.376179542,0.113071337,2259.589921,2272.835558,4889.070436,0.11426008
123.046875,60,0.440831994,0.122713566,2417.290896,2431.450979,5384.359108,0.112627437
135.9991776,63,0.46855013,0.172630996,3079.417935,2709.948555,6405.686266,0.154307457
129.1992188,64,0.485345058,0.090631053,2574.792403,2396.775584,5459.475321,0.146169184
129.1992188,62,0.494739077,0.196667254,3048.50913,2722.568727,6212.679099,0.149651778
112.3471467,54,0.340977463,0.124362946,2328.61334,2431.945152,4868.128896,0.101186085
112.3471467,56,0.446396702,0.095569693,2846.765797,2460.169661,5925.255837,0.176367036
123.046875,60,0.440831994,0.122713566,2417.290896,2431.450979,5384.359108,0.112627437
123.046875,62,0.3949652,0.165339038,1867.640225,1874.732355,3803.760333,0.094482044
135.9991776,65,0.450811337,0.169694364,2492.738859,2277.786755,5114.502407,0.138625768
129.1992188,65,0.471168844,0.185418233,1887.391788,2190.844549,4364.490275,0.073657151
123.046875,59,0.370776595,0.113183789,3354.239799,2987.318336,7044.632402,0.168288476
129.1992188,61,0.431574105,0.159675121,3099.103216,2728.2861,6098.254791,0.14028411
107.6660156,53,0.45115154,0.159043178,2375.973367,2258.379444,5005.928063,0.128781912
129.1992188,64,0.429833682,0.100328006,2129.231122,2109.12892,4424.039915,0.11187045
123.046875,60,0.369815772,0.138728663,3043.15627,3000.917107,6838.300316,0.143599283
112.3471467,54,0.368476008,0.111142635,2447.409337,2449.611713,4959.553344,0.123276276
135.9991776,67,0.434583537,0.173123658,3348.20866,3013.280272,7057.773989,0.162051552
123.046875,61,0.407432383,0.135511249,2248.127386,2368.730417,4609.855458,0.109741967
135.9991776,67,0.416848992,0.099377543,2208.04239,2353.745121,5075.519309,0.093610545
123.046875,61,0.568180488,0.08928021,3002.54668,2745.836842,6575.085241,0.158664573
123.046875,61,0.397879495,0.119071439,2238.840776,2023.534736,4385.006818,0.131468593
112.3471467,55,0.401223738,0.05218051,2565.921075,2533.417786,5521.049948,0.1146501
123.046875,59,0.382141642,0.114597984,3328.803942,3111.821519,7196.339818,0.16905151
107.6660156,53,0.426860577,0.15118441,2387.732503,2190.58787,4919.303587,0.127706711
107.6660156,54,0.455553831,0.111079216,2449.226729,2311.827736,5185.285312,0.134614832
112.3471467,55,0.485035935,0.115635663,2909.734481,2990.704114,6349.811604,0.101248821
123.046875,59,0.468144335,0.098448053,2486.962238,2276.04987,5008.15305,0.11808432
89.10290948,43,0.358223853,0.07622727,1755.12957,2042.735885,3816.093591,0.076968166
99.38401442,46,0.364993688,0.0914068,2541.883161,2289.328572,5182.901993,0.143308279
107.6660156,52,0.437595453,0.232914284,2877.595651,2624.071989,5865.939529,0.15032411
117.4538352,58,0.401329581,0.143090665,3042.96419,2969.134553,6611.985018,0.131575168
129.1992188,47,0.331956963,0.068251289,2219.176995,2306.785956,4882.120478,0.096174022
123.046875,62,0.323354448,0.184528172,2550.028312,2485.844194,5585.282893,0.115890456
123.046875,58,0.436497869,0.13693741,3707.398851,3249.407534,7806.994459,0.172899937
135.9991776,67,0.43428099,0.084526621,2902.964737,2302.27789,5470.533587,0.18413872
129.1992188,63,0.434740167,0.114553064,1975.133505,2089.973166,4251.332626,0.093033073
129.1992188,64,0.415096458,0.108158171,2825.996741,2680.482804,6233.503974,0.120496248
123.046875,60,0.388141361,0.092271395,2144.19174,2404.135826,4947.636749,0.064851838
198.7680288,97,0.469923687,0.227912411,3191.044516,2735.904596,6353.994912,0.169166022
71.77734375,34,0.490495237,0.261760324,2709.121942,2510.810065,5795.106624,0.124614137
95.703125,47,0.427337339,0.171692982,2284.557521,2116.588411,4663.488467,0.12547203
117.4538352,55,0.49014094,0.175981209,2677.673558,2262.476242,5266.451488,0.108059437
95.703125,47,0.403660279,0.141418815,3377.411291,2996.52279,6892.574988,0.155000952
135.9991776,66,0.443986384,0.203806892,2095.284362,2240.775519,4581.080632,0.094187261
92.28515625,43,0.448785441,0.248132825,2908.796366,2763.76063,6030.721866,0.10257421
92.28515625,45,0.422426036,0.300471455,2566.469313,2942.385072,5931.439133,0.085620042
99.38401442,49,0.404201275,0.093524672,1490.267513,1909.681022,3093.439628,0.05873774
99.38401442,48,0.491684083,0.166680902,2355.472334,2496.918194,5176.660364,0.070130339
99.38401442,47,0.474020577,0.208495572,2775.104033,2712.512791,5968.747241,0.110790335
95.703125,46,0.44939484,0.247182846,3236.163102,3272.126089,7338.447292,0.10935686
123.046875,59,0.440483388,0.166451722,3131.126114,2854.49418,6395.411328,0.115686375
103.359375,51,0.447838113,0.110683195,2368.060996,2303.364361,5017.777992,0.110850048
103.359375,51,0.427333051,0.154742494,3212.96301,2834.036307,6312.886827,0.17240183
151.9990809,73,0.458760518,0.110743731,1929.61505,2249.237573,4411.214993,0.054190904
92.28515625,45,0.425028348,0.186080843,2708.771399,2664.581898,5555.958071,0.120154602
95.703125,46,0.403954625,0.247088879,3186.73168,3286.498388,7476.346458,0.107576069
95.703125,47,0.422072311,0.228910565,2545.054137,2748.026402,5683.748964,0.095723911
112.3471467,54,0.446983946,0.124218449,3258.727952,3321.187795,7619.453926,0.126319342
198.7680288,93,0.500344124,0.214469418,2982.060816,2730.384994,6160.612748,0.152246623
99.38401442,49,0.463950345,0.270713001,2858.879835,2639.982643,6049.246754,0.128238076
112.3471467,55,0.562372626,0.103503838,2735.912614,2295.667163,5419.983893,0.157603355
95.703125,48,0.424674274,0.237288997,2327.52139,2626.492774,4931.945177,0.09669745
95.703125,47,0.417792303,0.206959516,2447.828102,2780.016074,5317.059515,0.088603395
80.74951172,37,0.347586861,0.130618349,2431.6468,2783.177945,5276.53476,0.101525085
99.38401442,48,0.430177924,0.241990313,2405.930576,2268.813332,4987.661507,0.119732458
99.38401442,49,0.439648754,0.173610792,2025.64166,2272.81911,4603.638829,0.075399771
95.703125,47,0.4160782,0.230249405,2344.361389,2682.023209,5394.200715,0.077450401
99.38401442,48,0.437988409,0.253050566,1818.873827,2521.747131,3999.86748,0.051362501
95.703125,47,0.498280902,0.217985645,3053.162152,3025.13683,6667.509682,0.126819717
143.5546875,69,0.461869525,0.16560328,2677.530256,2337.258126,5366.425883,0.145785967
95.703125,47,0.492198621,0.228153408,2306.692747,2601.428772,5000.228098,0.091492266
117.4538352,58,0.476543081,0.067266338,3185.08842,2603.553697,6277.953705,0.152197492
99.38401442,49,0.432277516,0.226059005,2470.698672,2410.251961,5256.051551,0.100163793
103.359375,49,0.340054938,0.136668891,1798.256181,1687.590881,3625.044747,0.096636982
107.6660156,53,0.506951217,0.108960807,3079.008793,3220.86497,7003.174319,0.107077962
123.046875,62,0.498329157,0.120762311,2670.129923,2396.858746,5527.033245,0.117624005
143.5546875,72,0.528840065,0.191379666,2825.32318,2830.629602,6190.487567,0.103299451
103.359375,49,0.560637822,0.215708986,2199.823836,2285.513016,4790.804364,0.098324802
95.703125,47,0.449306839,0.20066905,2372.196733,2358.517862,5059.227741,0.099891308
92.28515625,44,0.457320582,0.285713702,2808.099768,2441.374589,5527.499909,0.097648691
103.359375,50,0.475517339,0.16417715,3459.927256,2916.956955,7022.832534,0.17347174
117.4538352,56,0.460817715,0.238586113,2986.42086,2899.970776,6403.194614,0.137662433
103.359375,51,0.393553022,0.244111732,2500.479722,2578.086455,5294.209653,0.099517917
103.359375,49,0.520393543,0.086490385,1469.35654,1954.486612,3277.030184,0.051779732
99.38401442,47,0.481064834,0.191494703,2144.796728,2359.070364,4956.170031,0.080343052
112.3471467,55,0.477847434,0.122609854,2330.757597,2664.164467,5837.356369,0.072639017
92.28515625,46,0.381838726,0.190619826,2240.286593,2193.804234,4728.029744,0.10668265
99.38401442,49,0.479805869,0.213130087,3084.761864,2970.591186,6778.925675,0.136443619
198.7680288,96,0.423654416,0.140206799,2395.628771,2345.932114,5281.951394,0.115968687
107.6660156,52,0.503554766,0.102339625,2290.302465,2182.028104,4819.987521,0.113229474
92.28515625,44,0.467314839,0.266528577,2493.019731,2330.449777,5126.477334,0.103514491
135.9991776,66,0.489579153,0.185247764,2437.048753,2117.356866,4775.871121,0.133866537
92.28515625,45,0.451127081,0.191717714,3139.545921,2849.991248,6335.58669,0.146737208
135.9991776,67,0.583688869,0.108064324,2472.415473,2499.721166,5508.975021,0.087693347
143.5546875,57,0.409014929,0.159459874,3770.091835,2830.825474,7050.390701,0.212841495
107.6660156,51,0.39050851,0.133830637,1735.022093,2055.221731,3552.111854,0.072500317
86.1328125,42,0.407918425,0.236031115,2429.951012,2575.190357,5273.76811,0.079811687
151.9990809,72,0.482362213,0.109170191,2273.117404,2327.435945,4965.353309,0.104501636
107.6660156,51,0.533298306,0.119099431,2538.368061,2341.604484,5353.609294,0.100669837
184.5703125,94,0.390102323,0.182989359,2706.643672,2941.21996,5996.297075,0.112571504
112.3471467,55,0.513344998,0.065909512,2044.343697,1933.744823,4074.867027,0.105148646
92.28515625,45,0.499603978,0.151298836,1948.747065,2285.958253,4218.374492,0.06300302
151.9990809,75,0.473805697,0.118537381,2581.948517,2526.391822,5731.932006,0.115987961
184.5703125,92,0.473594872,0.155638978,1811.216844,2201.023327,3805.25199,0.067276993
95.703125,48,0.424674274,0.237288997,2327.52139,2626.492774,4931.945177,0.09669745
99.38401442,48,0.427108444,0.273723394,1683.619645,2427.90994,3618.794784,0.042444188
107.6660156,53,0.424749695,0.11087811,1752.161419,1811.556742,3489.162235,0.083126481
103.359375,50,0.533896217,0.113587834,2628.878118,2350.976457,5411.67561,0.138555096
129.1992188,61,0.489478171,0.271920264,3299.180894,3139.404459,7081.765511,0.120966011
99.38401442,47,0.479837374,0.079058334,2083.376057,2197.949781,4478.764584,0.079867998
112.3471467,54,0.476818872,0.10625755,2607.854168,2392.241762,5535.291529,0.127239971
99.38401442,45,0.35877162,0.198953286,1976.603244,2110.019782,4276.807472,0.087255708
89.10290948,43,0.445211519,0.135652944,1834.825653,2225.132937,3847.751733,0.061565387
92.28515625,44,0.374574943,0.154562652,2774.816101,2700.472517,5746.431919,0.114593411
117.4538352,56,0.459881681,0.118608974,2695.094568,2389.362733,5600.357802,0.14991217
172.265625,82,0.453414113,0.141883537,3069.324956,2349.351519,5752.83188,0.176915786
117.4538352,58,0.518760836,0.089180492,2960.030264,2558.151812,5801.206588,0.120899874
123.046875,59,0.432331818,0.264117092,2046.684935,2268.533015,4551.822476,0.07867375
99.38401442,49,0.467371156,0.207734197,2433.570364,2247.453128,4920.553579,0.11047968
107.6660156,44,0.430902227,0.153787121,1962.886634,1916.814382,3798.243699,0.101570814
92.28515625,44,0.427572292,0.135034338,2637.84011,2630.903781,5629.774291,0.10280021
92.28515625,44,0.47192741,0.190943316,2449.128773,2508.03868,4930.636852,0.109550736
184.5703125,88,0.439638598,0.18029584,1717.732953,2052.305254,3686.661041,0.053907837
184.5703125,94,0.390102323,0.182989359,2706.643672,2941.21996,5996.297075,0.112571504
92.28515625,45,0.409614709,0.18990311,2244.841528,2483.809877,4815.462548,0.079385385
89.10290948,39,0.40045066,0.224815533,1810.695425,2279.088307,3889.326482,0.051454337
117.4538352,58,0.460647819,0.12528576,2667.598264,2350.982431,5474.52523,0.147340757
99.38401442,49,0.475436534,0.13454476,2145.749611,2441.648881,4529.626124,0.078721914
89.10290948,43,0.539259904,0.19402726,3724.682371,3205.007334,7641.453793,0.172757459
129.1992188,63,0.484340143,0.288944572,3084.295244,3055.524911,6682.134594,0.108720053
103.359375,52,0.461344692,0.110010825,2595.413947,2881.187424,5857.672913,0.082312805
172.265625,86,0.506024356,0.130457833,2676.650825,2413.908467,5209.576832,0.136138633
103.359375,49,0.430907761,0.178736195,2517.911424,2163.9188,4926.57021,0.138872932
92.28515625,45,0.445494137,0.186188042,2671.001724,2494.731982,5320.317829,0.122187092
117.4538352,56,0.35554238,0.038049556,2548.635857,2344.789651,4537.039232,0.143386132
184.5703125,84,0.398417908,0.269266248,2202.301866,2213.201961,4411.306659,0.096687246
95.703125,47,0.431060508,0.278912574,2501.271271,3049.735764,6028.54688,0.069264509
107.6660156,50,0.50734416,0.251695037,2305.33872,2227.384244,4815.67088,0.107421119
64.59960938,28,0.171782316,0.108785957,1039.62342,1422.303098,1838.213885,0.047768797
129.1992188,64,0.201481684,0.050517157,1451.62688,1920.10335,3046.548245,0.05122229
73.828125,35,0.249544149,0.060601473,1465.522809,1738.349425,2820.974609,0.069864279
151.9990809,67,0.285619602,0.097847253,1725.397512,2090.779059,3504.462142,0.067522267
107.6660156,51,0.429210207,0.074322917,3393.741286,3147.820724,7234.931251,0.149702043
215.3320313,105,0.345523763,0.049863573,1934.384698,2187.002854,4327.257167,0.084186566
103.359375,50,0.2938243,0.146875381,2902.662054,2855.066321,6198.129187,0.126549121
151.9990809,76,0.410298982,0.190511182,2482.135336,2759.70094,5795.056625,0.08078258
215.3320313,102,0.235051243,0.029618531,1687.249146,1762.691383,3353.421389,0.084662753
135.9991776,63,0.34194269,0.045803182,1845.551811,2730.715466,4328.307161,0.042829295
129.1992188,64,0.258984749,0.172753513,1578.937359,1853.417293,2967.148725,0.088246632
135.9991776,62,0.328118719,0.022798536,1266.405832,1691.42295,2410.418758,0.059277797
112.3471467,54,0.311018317,0.043605279,1752.884897,1990.257166,3733.785756,0.07241415
83.35433468,38,0.269472086,0.045310326,2152.031384,2775.056122,5013.836349,0.08170321
161.4990234,77,0.278100111,0.162552938,1669.356197,2108.486548,3461.112404,0.064859396
123.046875,59,0.322362327,0.080587499,1482.159689,1412.229792,2658.658923,0.099559489
99.38401442,47,0.276452081,0.04878284,1853.537668,2095.799341,4029.625633,0.074904687
95.703125,47,0.311741449,0.13007699,1804.600419,1861.698036,3646.277951,0.079519171
86.1328125,42,0.220781902,0.087848566,1987.817578,2099.945002,4315.540571,0.08007359
112.3471467,47,0.329719674,0.064158402,829.0965651,1037.534231,1553.44894,0.03306556
95.703125,48,0.284957618,0.106650703,1427.752415,1887.084897,2729.80016,0.052423719
123.046875,61,0.392973838,0.051658954,2874.646194,2802.538747,6138.062884,0.118338287
73.828125,36,0.278658444,0.100362279,937.4562086,1187.149918,1763.189338,0.042625971
135.9991776,67,0.269970778,0.061388317,1875.044961,2569.416577,4292.274045,0.054154245
172.265625,83,0.370084407,0.232459247,2456.265597,2654.918426,5466.700277,0.094494138
135.9991776,62,0.337481953,0.052446101,4135.95982,3220.875636,8257.808399,0.261701743
107.6660156,51,0.317431698,0.182781309,1397.300642,2135.948236,2932.365602,0.038277924
73.828125,36,0.285182773,0.099546909,1344.43746,1548.622975,2772.149904,0.061212026
99.38401442,48,0.379740835,0.21209918,1575.23647,2069.619316,3340.363135,0.055879859
80.74951172,39,0.327639797,0.060152274,1885.040462,2230.519002,4355.89866,0.058125121
129.1992188,62,0.291065032,0.091605134,2428.4998,3007.251146,5927.247492,0.069047957
151.9990809,71,0.253836571,0.111816332,2009.879635,2227.106799,3910.784685,0.0874322
123.046875,61,0.372507247,0.198317438,2978.322064,3036.411299,6863.066833,0.11482508
99.38401442,47,0.314403273,0.055497278,1790.029549,2313.040051,4398.031739,0.061073327
112.3471467,56,0.332394334,0.133185863,2968.566588,2922.516325,6416.569533,0.129754695
95.703125,44,0.308188495,0.078278445,1617.838892,1568.616276,3104.00623,0.100630911
129.1992188,62,0.280695214,0.040521927,1522.235891,1909.545285,3251.913669,0.061409304
103.359375,51,0.353478594,0.052259337,1992.883118,2126.948137,4247.30765,0.087708842
71.77734375,35,0.264578864,0.091526076,844.0869568,1104.364563,1608.706939,0.037729931
103.359375,51,0.276576243,0.086462833,1004.778193,1247.54142,1810.464052,0.049664099
99.38401442,49,0.236693857,0.13809292,1317.055842,1475.311487,2778.966529,0.05486059
184.5703125,89,0.248039894,0.050217606,1352.94792,1714.846152,2713.100261,0.055484169
129.1992188,61,0.282587539,0.058663242,1748.142494,1947.711467,3684.611053,0.079297329
151.9990809,74,0.26764006,0.080839545,1064.810564,1050.419172,1896.030202,0.057872666
103.359375,45,0.267811939,0.069402084,1697.923143,2065.675699,3805.660321,0.063624332
107.6660156,53,0.267063043,0.085393064,749.2628447,1210.826651,1133.368147,0.031690285
103.359375,50,0.349137008,0.058875889,2034.544575,2084.724668,4342.957072,0.093247358
151.9990809,70,0.28557533,0.097826257,1554.590361,1775.388211,3216.888881,0.066400581
83.35433468,40,0.29494191,0.112784892,2414.823739,2552.50951,5135.168948,0.095573118
107.6660156,53,0.3573979,0.118613556,1304.575756,1636.561792,2723.916862,0.046274852
117.4538352,54,0.44197834,0.043234933,3027.203488,3302.632488,7278.66432,0.100148298
123.046875,62,0.344567643,0.046767645,1504.404759,1754.409592,2800.374733,0.078464378
103.359375,51,0.276593782,0.086470149,1116.438062,1543.974851,1954.729847,0.050036357
99.38401442,49,0.401523051,0.047858685,3906.147081,3328.974998,8037.451399,0.206848711
107.6660156,53,0.366024349,0.188674927,2291.379122,2593.304605,5247.234937,0.077418277
99.38401442,47,0.247669564,0.08229766,1337.948611,1518.439917,2755.391672,0.076529394
73.828125,36,0.285185376,0.099548519,1382.232294,1642.106473,2831.024548,0.061230544
107.6660156,52,0.250238591,0.110548794,1336.14829,1554.149822,2751.558362,0.058734717
123.046875,60,0.322371902,0.080590419,1546.083985,1580.419554,2722.683536,0.099656994
117.4538352,54,0.270156904,0.053512368,2213.753753,2794.650035,5023.744622,0.075365757
135.9991776,64,0.274875314,0.098626211,1219.805019,1459.237499,2416.71872,0.048062446
107.6660156,50,0.338252175,0.069870755,2634.40343,2728.49492,5562.599697,0.107876143
123.046875,60,0.380541386,0.162367642,2475.485784,2687.011899,5544.324808,0.098150578
112.3471467,52,0.304224062,0.036323298,2235.411636,2259.154663,4683.821678,0.099404161
95.703125,47,0.311724858,0.130053848,1759.457167,1779.598558,3573.978389,0.079344947
107.6660156,52,0.28925385,0.027128775,1171.393082,1678.10604,2580.159398,0.032971834
80.74951172,40,0.266176722,0.119210184,2502.844519,2598.136662,5154.877162,0.095830486
95.703125,48,0.284934066,0.106636405,1276.437926,1570.08252,2468.035076,0.051512916
184.5703125,90,0.209878648,0.184434965,2050.112987,2467.132181,4563.930736,0.064795149
117.4538352,56,0.303082737,0.119216658,1733.438538,2067.67233,3379.362899,0.068714626
86.1328125,37,0.22401723,0.021197265,1176.101286,1753.457468,2343.452496,0.039910945
99.38401442,47,0.247676075,0.082297191,1311.372381,1445.919936,2724.758524,0.076523725
123.046875,59,0.237383959,0.039800085,1077.172013,1539.404423,2111.370566,0.041511843
184.5703125,92,0.307464697,0.145750105,2778.008089,2691.239451,5813.673179,0.130902459
117.4538352,58,0.311205382,0.068181798,1855.231742,2215.901296,4284.249094,0.063396064
95.703125,42,0.234080387,0.078162104,1377.832368,1773.452838,2583.876042,0.061806505
117.4538352,56,0.332734745,0.06238709,1782.474278,2062.100873,3812.668612,0.073570606
61.5234375,28,0.197231349,0.093769915,1169.86472,1355.424233,1958.03816,0.064834453
54.97839096,25,0.280357913,0.045044806,1787.800681,2485.583898,3905.418051,0.062757746
112.3471467,53,0.23099965,0.04092519,2958.80849,2832.895115,6065.304991,0.151422743
92.28515625,38,0.319312719,0.059495945,813.2937292,1058.898921,1417.008098,0.044674333
123.046875,58,0.432825557,0.047982793,2914.946662,2420.454079,5864.864536,0.18139913
107.6660156,51,0.250239686,0.110548407,1295.167919,1446.061103,2695.342035,0.058650061
112.3471467,55,0.363793062,0.037538536,1651.067621,2041.001472,3659.411205,0.063699917
135.9991776,67,0.370394629,0.075758599,3028.916875,2828.843479,6201.179169,0.140357806
99.38401442,47,0.300196944,0.071205214,1826.036589,2108.184901,4011.734075,0.076920548
143.5546875,68,0.325275039,0.040616855,1769.361929,2113.551219,3966.634348,0.062653438
151.9990809,70,0.253736856,0.111775257,1760.324104,1792.655893,3460.67074,0.085669172
99.38401442,49,0.236712877,0.138097256,1353.928089,1566.487114,2830.349552,0.054945624
95.703125,46,0.27408399,0.069791041,1193.605335,1559.295685,2480.185003,0.042452124
151.9990809,71,0.201875605,0.031945392,1367.353771,1638.782897,2631.650753,0.0586357
69.83741554,33,0.358686059,0.053892557,1982.062573,2144.949513,4262.465892,0.093573508
95.703125,46,0.274069123,0.069789425,1169.415464,1498.274612,2444.151887,0.042349706
71.77734375,35,0.264577982,0.091525301,871.4430542,1204.803555,1632.21513,0.03778284
80.74951172,38,0.325405381,0.071398661,2861.040477,2566.590601,5606.299433,0.147576961
135.9991776,67,0.295886172,0.039270636,1492.379774,2013.925812,3375.904586,0.046200401
151.9990809,69,0.277250598,0.100362912,970.9291138,1300.618835,1794.480816,0.04257495
107.6660156,52,0.248236159,0.107554607,1268.061497,1546.300122,2486.201633,0.057861328
129.1992188,60,0.198702183,0.039326198,1171.621463,1277.882513,2018.671127,0.06494254
135.9991776,66,0.298645298,0.044401113,1874.63315,2083.955748,4010.875747,0.077770505
117.4538352,54,0.421571092,0.13330546,1988.120374,1986.988534,4148.191583,0.092420076
92.28515625,45,0.502055322,0.269814312,2743.392811,2140.578901,5129.285651,0.179621741
117.4538352,58,0.37910799,0.154376537,2099.080808,2061.97441,4450.089758,0.088297274
135.9991776,67,0.481175463,0.144124016,2789.285147,2247.530238,5345.776008,0.179961875
172.265625,81,0.605022295,0.114323221,2803.257355,2183.197655,5262.659844,0.176912762
151.9990809,71,0.581357066,0.069499709,2939.523998,2522.778213,5806.856553,0.168373132
86.1328125,39,0.479849248,0.115336746,2807.988285,2407.516308,5674.107356,0.153805192
112.3471467,54,0.478777875,0.231528431,2410.924797,2227.661613,4950.386732,0.128333691
123.046875,56,0.445083082,0.194362894,2339.897531,2151.905217,4708.129864,0.116827336
107.6660156,54,0.509240208,0.104636602,2709.682077,2194.661721,5081.660939,0.166440792
143.5546875,69,0.461504509,0.184547812,2459.371553,2221.408983,5024.161286,0.142842296
112.3471467,54,0.448278766,0.244830206,2068.663525,2199.363983,4439.323156,0.088893264
129.1992188,63,0.436540198,0.093678169,2463.469918,2037.307332,4547.580835,0.151808606
143.5546875,69,0.496368499,0.096948579,2792.558751,2250.687603,5321.676154,0.162540589
99.38401442,48,0.52438402,0.217600212,2980.152834,2297.374627,5461.750307,0.194024904
151.9990809,77,0.476896884,0.097316682,2922.83855,2620.80896,6036.880162,0.15290157
95.703125,44,0.438488566,0.090489402,2683.416292,2126.959532,4972.811597,0.177312987
151.9990809,74,0.529130628,0.185565233,2445.226841,2330.741065,5191.401942,0.121035927
143.5546875,64,0.527229806,0.19535993,2576.04181,2236.932632,5058.086081,0.131787563
99.38401442,45,0.495874143,0.117337488,2658.185159,2345.823517,5358.75093,0.152409131
107.6660156,54,0.477058001,0.224555373,2889.402321,2337.701392,5485.533496,0.176609287
95.703125,46,0.516697528,0.267330945,3338.733176,2697.057552,6670.784663,0.186813307
117.4538352,58,0.466587935,0.058411933,2964.606631,2758.403837,6187.337586,0.140559241
161.4990234,80,0.463063892,0.098379061,2302.678285,2069.371564,4598.838858,0.130750154
107.6660156,54,0.509240208,0.104636602,2709.682077,2194.661721,5081.660939,0.166440792
117.4538352,55,0.501569949,0.270837665,2836.878851,2339.346208,5615.007713,0.162805138
151.9990809,75,0.552581055,0.077593289,2877.354754,2101.123336,5198.2769,0.185307647
95.703125,44,0.438488566,0.090489402,2683.416292,2126.959532,4972.811597,0.177312987
61.5234375,26,0.429974584,0.088072859,2389.388002,2027.322117,4448.231435,0.144281818
117.4538352,58,0.341978329,0.16635336,2090.279599,2065.161053,4393.148435,0.093329368
99.38401442,47,0.533625514,0.269563198,2815.482378,2548.163574,5898.381,0.131865416
129.1992188,61,0.474766098,0.165123165,2398.363299,2218.752006,4866.770571,0.128309126
117.4538352,58,0.456040406,0.097612388,2269.141394,1928.799479,4186.416352,0.137381255
151.9990809,70,0.480456611,0.229881033,2522.639211,2276.008224,5089.835889,0.138584952
184.5703125,94,0.541847119,0.118158184,3048.391495,2358.808568,5662.39076,0.196540384
161.4990234,77,0.533731873,0.239925891,2716.891207,2208.863893,5122.769023,0.162218974
112.3471467,54,0.555233165,0.100895815,2699.573852,2324.221639,5385.359102,0.161506582
107.6660156,53,0.516928362,0.226259053,3401.373582,2458.739616,6164.037727,0.228470274
117.4538352,57,0.4574255,0.208726391,2340.616119,2140.258416,4715.679818,0.122913467
99.38401442,50,0.555542549,0.118441105,2291.228694,1583.389517,3884.859842,0.180317882
172.265625,85,0.485037105,0.110982768,2986.705162,2459.025706,5818.223151,0.169265416
107.6660156,53,0.580973799,0.113806404,2656.261186,2337.322966,5326.034461,0.158775684
161.4990234,77,0.40692498,0.090518445,2707.499443,2235.037778,5291.984667,0.160912481
95.703125,46,0.470335178,0.145904064,2690.639988,2118.400354,5087.9859,0.148327901
123.046875,59,0.513206393,0.131640673,2378.33575,2092.452603,4748.546286,0.141317362
151.9990809,73,0.510064298,0.139042124,2241.314038,2115.70265,4490.464513,0.115764984
135.9991776,67,0.36987195,0.198840678,2218.426022,2226.139315,4779.537765,0.106983102
135.9991776,66,0.469079028,0.136291787,2254.281419,2070.683812,4380.923509,0.120158759
135.9991776,68,0.465477533,0.100494795,2384.674283,2073.141137,4584.797276,0.126103168
117.4538352,57,0.469570902,0.095390365,2760.319304,2242.68406,5260.184859,0.171248776
135.9991776,67,0.634761669,0.063474722,3403.101905,2825.133742,6902.891592,0.192423629
143.5546875,71,0.429968281,0.293483347,2641.943661,2461.02999,5566.633006,0.121342804
61.5234375,26,0.429974584,0.088072859,2389.388002,2027.322117,4448.231435,0.144281818
112.3471467,55,0.432488018,0.1328004,2198.534549,2005.99779,4446.43978,0.128393026
107.6660156,52,0.463511012,0.242997393,3010.816263,2386.851872,5633.374269,0.179328848
143.5546875,68,0.519034345,0.112228036,2685.80336,2317.497411,5331.492761,0.160503187
99.38401442,48,0.487132054,0.150219113,2751.908964,2205.673206,5234.418348,0.166710254
151.9990809,73,0.455741403,0.266098589,1443.678582,1726.412512,3286.321795,0.046570013
123.046875,59,0.510222321,0.2071082,3114.23161,2411.557479,5829.964747,0.195791711
129.1992188,63,0.436540198,0.093678169,2463.469918,2037.307332,4547.580835,0.151808606
117.4538352,58,0.456040406,0.097612388,2269.141394,1928.799479,4186.416352,0.137381255
161.4990234,77,0.510892566,0.230757013,2699.981625,2240.206887,5157.935477,0.171501608
143.5546875,71,0.516368016,0.170202717,2375.812595,2231.960229,4898.745378,0.108006528
123.046875,61,0.483494278,0.040853992,2723.615095,2399.633465,5494.966773,0.134972729
99.38401442,48,0.467757473,0.182339147,2442.64558,2103.017884,4728.929738,0.149853969
117.4538352,57,0.482569238,0.212417796,2795.605722,2321.7172,5455.492011,0.163732192
135.9991776,66,0.636204502,0.08632566,3047.823713,2303.532061,5735.940316,0.203604211
129.1992188,65,0.46235461,0.230304211,1525.017127,1867.310692,3500.287168,0.051203016
123.046875,60,0.440829184,0.089019008,2955.272094,2478.438722,5928.73915,0.163341794
151.9990809,74,0.44091999,0.149154127,2741.118114,2302.1915,5409.383957,0.159984671
89.10290948,42,0.426884734,0.14666678,2141.608766,2217.275314,4682.588352,0.084678248
151.9990809,73,0.517662289,0.190438434,2138.076591,1970.447962,4200.882931,0.12199057
129.1992188,61,0.487653545,0.207259238,2718.557942,2270.732422,5227.301725,0.143773885
135.9991776,67,0.446210875,0.220483363,2566.803635,2408.484762,5444.433745,0.125209371
112.3471467,56,0.527123255,0.312846571,2250.756104,2390.069594,5112.344086,0.094679322
161.4990234,78,0.497086151,0.139909044,2848.068677,2497.514081,5930.355807,0.1441212
117.4538352,58,0.436434119,0.136534706,2502.472777,2133.934972,4761.437875,0.148160858
123.046875,59,0.434247776,0.088319041,2628.987791,2248.292539,5189.301954,0.159044012
103.359375,49,0.440987757,0.151972875,2646.947344,2256.521273,5304.851256,0.157781359
135.9991776,69,0.395816547,0.112020537,2292.322766,2149.110049,4819.487524,0.123658738
172.265625,81,0.499052294,0.232558757,3108.569419,2361.342842,5698.957206,0.196925869
89.10290948,43,0.540479025,0.125770211,2315.897707,2066.728767,4616.697083,0.13954413
123.046875,59,0.492550105,0.227477133,2907.028574,2374.818108,5519.574957,0.172615736
92.28515625,45,0.380150944,0.11601387,2323.715589,2263.839791,5018.869652,0.120087331
172.265625,83,0.443969441,0.092050292,2644.707345,2267.926389,5176.768697,0.141646536
103.359375,50,0.431006722,0.2175387,2908.196854,2286.26515,5405.600646,0.178119482
95.703125,46,0.487799881,0.11614155,3274.342157,2722.316367,6407.227923,0.18307977
117.4538352,52,0.414578447,0.048869666,2742.990787,2450.83525,5626.04098,0.142876687
123.046875,60,0.480055893,0.256827444,2029.736704,1929.303557,4223.182796,0.100007332
112.3471467,56,0.502429195,0.24905178,2987.164004,2408.746367,5629.032629,0.177513666
129.1992188,60,0.484545951,0.138283432,2871.235641,2126.925662,5187.051968,0.198229338
123.046875,56,0.43395973,0.050464112,3237.533909,2573.139782,6229.245666,0.198125408
161.4990234,81,0.518543332,0.188258857,2493.91856,2286.498158,5105.327462,0.128239965
151.9990809,75,0.42252049,0.121785641,2464.470948,2204.25536,4951.478392,0.13437825
161.4990234,77,0.40692498,0.090518445,2707.499443,2235.037778,5291.984667,0.160912481
107.6660156,52,0.525430687,0.108475886,3046.671497,2324.283446,5735.21532,0.191613354
112.3471467,53,0.491915016,0.186136961,1983.264314,2112.16405,4241.174354,0.086206206
161.4990234,79,0.454049441,0.17364037,1741.097318,2098.495156,4109.891815,0.053791814
123.046875,61,0.472493846,0.127354532,2710.014596,2264.068282,5322.626148,0.143906159
117.4538352,57,0.469570902,0.095390365,2760.319304,2242.68406,5260.184859,0.171248776
117.4538352,57,0.410989904,0.207583755,3301.781785,3175.656592,7302.597509,0.144526715
78.30255682,38,0.360462178,0.138194799,2765.747194,3222.713605,6873.391771,0.096014914
107.6660156,50,0.454810239,0.15971148,3279.877315,3026.391118,6953.099622,0.172819439
103.359375,52,0.454697659,0.223418862,3124.17635,2970.320532,6618.134981,0.142720981
103.359375,51,0.451667678,0.24098517,3236.413205,2953.596262,6698.77616,0.164824778
99.38401442,46,0.394440883,0.2566109,2944.367954,3162.393034,6877.683412,0.115115328
129.1992188,63,0.251576559,0.084313929,1968.420512,2326.83576,4127.150044,0.082344929
103.359375,48,0.393404337,0.210741922,3759.753679,3293.733613,7855.044168,0.177674285
107.6660156,52,0.384337733,0.211233929,2753.175473,2861.39425,5986.147136,0.123763046
92.28515625,45,0.409987418,0.129400864,1837.123244,2066.889874,3670.894469,0.085351714
103.359375,51,0.353223448,0.194174677,3603.263862,3333.937799,7958.818541,0.147559954
83.35433468,40,0.377453911,0.157971486,2682.72734,2924.215041,5957.305644,0.101914728
75.99954044,36,0.334941062,0.195700034,2525.971548,2848.668079,5554.558079,0.10354208
112.3471467,56,0.447460702,0.191517293,3889.624969,3271.614422,8056.984614,0.191042307
92.28515625,42,0.374628812,0.093982719,2125.267705,2673.801946,4978.81156,0.067695358
143.5546875,69,0.356269672,0.173117056,2149.835158,2917.446757,5223.143416,0.051659174
95.703125,47,0.426655385,0.097938277,4225.662023,3404.260172,8483.157037,0.228736712
117.4538352,54,0.480738272,0.234553069,2569.175433,2559.460151,5351.725972,0.131656422
83.35433468,41,0.417829752,0.215215042,3213.614161,3269.67527,7424.096774,0.118868518
99.38401442,46,0.466947297,0.20426558,3510.03854,3310.263462,7587.279121,0.137248225
129.1992188,62,0.465028392,0.156534508,4052.820143,3426.204971,8382.199314,0.210714523
117.4538352,57,0.414945558,0.203451738,2838.018095,3045.761495,6485.694115,0.122180289
103.359375,49,0.386799525,0.19620122,3207.178615,3125.904906,7019.815885,0.1415838
99.38401442,47,0.422916562,0.139985368,2835.031945,2731.743815,5944.989051,0.137062663
161.4990234,79,0.329643212,0.398011863,2468.524671,2625.135158,5481.70852,0.098208779
129.1992188,63,0.407387401,0.24575837,3262.945937,2931.013876,6714.76773,0.155056508
107.6660156,53,0.412301995,0.24817577,3487.406797,3132.205993,7444.029987,0.179749858
89.10290948,44,0.472957892,0.250021726,3681.043998,3221.525265,7565.82925,0.145624214
83.35433468,40,0.349400802,0.210437223,3419.368447,3368.739507,7789.1279,0.130848037
117.4538352,58,0.456100272,0.222876295,3143.571032,3016.422649,6689.351217,0.135637502
107.6660156,54,0.435313578,0.143145129,2789.181562,2795.465796,6112.296373,0.126229773
161.4990234,75,0.277333643,0.172237575,2639.306631,2753.409623,5625.53265,0.107000865
107.6660156,54,0.473437842,0.227165535,3271.287004,2989.795399,6883.425044,0.145358909
107.6660156,34,0.388642593,0.146607816,3490.338581,3205.795378,7499.379652,0.153415928
103.359375,51,0.36571245,0.30392015,3046.148817,3306.480614,7384.647013,0.106393537
172.265625,81,0.323284637,0.139581069,2289.822524,2435.758719,4746.421299,0.106780533
112.3471467,54,0.444621936,0.231090277,4037.059458,3342.385928,8331.391288,0.213925766
112.3471467,53,0.433487158,0.215936884,3150.247439,3220.167078,7292.222572,0.127355239
112.3471467,56,0.447460702,0.191517293,3889.624969,3271.614422,8056.984614,0.191042307
95.703125,47,0.340762924,0.18754752,3141.512515,3230.486779,7236.939573,0.131055519
103.359375,50,0.352268231,0.190992206,3587.403428,3336.238278,7946.976946,0.146478328
92.28515625,46,0.376549245,0.211027116,3131.11811,2944.848512,6552.618711,0.156053478
95.703125,48,0.455513243,0.220844001,2949.223953,2908.897371,6067.779976,0.111951326
215.3320313,109,0.475725552,0.245390952,3544.057943,3311.294354,7780.461286,0.142819242
107.6660156,47,0.412095441,0.282645226,3194.109244,3052.840219,6993.491045,0.159379989
129.1992188,63,0.423459303,0.259873718,3671.164313,3295.5633,7879.03569,0.161897358
95.703125,48,0.357725482,0.203197792,3070.583251,2975.861836,6652.934771,0.148739841
112.3471467,53,0.351970834,0.037580468,1995.15338,2424.969478,4383.265162,0.07255096
107.6660156,52,0.282320519,0.083328091,2053.694268,2559.464985,4506.672749,0.075365757
89.10290948,44,0.475360933,0.251932263,3727.466037,3223.791988,7633.162177,0.144787484
184.5703125,85,0.225703182,0.055817354,2200.487385,2579.638044,4626.722023,0.087125324
143.5546875,69,0.413964561,0.208398566,3046.37243,3095.359022,6630.568239,0.118658013
129.1992188,57,0.346523561,0.169149935,3647.815014,2886.664832,7112.748657,0.205950002
129.1992188,61,0.390383501,0.27367121,3498.337678,3295.496998,7664.586987,0.136022231
129.1992188,65,0.387726498,0.132528812,3594.152474,3170.85435,7634.403836,0.18523244
99.38401442,48,0.339969385,0.167455703,2940.015408,2629.444899,5750.59856,0.145754221
123.046875,61,0.298155804,0.143023044,2489.444327,2941.876233,5976.730526,0.084295787
103.359375,51,0.518460008,0.329432428,3672.655786,3279.755799,7783.661267,0.15406445
99.38401442,47,0.437182941,0.220592037,3401.022782,3070.292764,7052.249023,0.165738227
123.046875,60,0.409979976,0.207528085,3433.78719,3405.605414,7932.260368,0.127734677
107.6660156,53,0.49690024,0.215645954,2327.908733,2516.797862,4930.628518,0.095499423
95.703125,46,0.366029515,0.198457912,3111.032119,2992.183167,6745.192546,0.152910262
151.9990809,74,0.330303634,0.189702287,2928.600767,3201.011322,6817.100445,0.105740857
112.3471467,54,0.433606797,0.215816468,3151.436898,3220.477371,7293.264232,0.12759749
99.38401442,50,0.50452474,0.193554893,3502.007013,3026.951667,7199.448133,0.187017766
172.265625,82,0.403854234,0.195515394,2885.067672,3009.821451,6430.411116,0.121303877
99.38401442,46,0.409124462,0.179449648,3262.545498,3046.902288,6828.042045,0.135866147
135.9991776,61,0.415235227,0.245844692,3258.808953,3144.200076,7268.706047,0.131662469
129.1992188,61,0.390383501,0.27367121,3498.337678,3295.496998,7664.586987,0.136022231
80.74951172,39,0.354089231,0.243337438,2843.994633,3219.123016,6839.308644,0.099746562
135.9991776,64,0.473440013,0.254338086,2703.264814,2725.949613,5776.090073,0.103297183
89.10290948,43,0.389655192,0.185918629,3421.99161,3409.820295,7953.285241,0.126766807
112.3471467,53,0.447051236,0.213234439,4156.047953,3451.25477,8676.405868,0.230045094
117.4538352,55,0.443711057,0.195364729,2516.610746,2465.673109,5087.469237,0.122096012
107.6660156,53,0.412941359,0.26241371,3702.987869,3431.805841,8073.09285,0.14947642
117.4538352,57,0.424472554,0.265421897,3696.22514,3246.695112,7871.035738,0.166830057
129.1992188,59,0.462111455,0.208017737,3168.240991,3341.553117,7555.262648,0.100339151
161.4990234,79,0.354725851,0.234200329,2988.833127,3143.055984,6919.441492,0.111570376
143.5546875,70,0.369947695,0.092211835,2246.864022,2684.363815,5155.585492,0.086017243
107.6660156,52,0.377997995,0.184063554,1901.306765,2420.845769,4192.116318,0.066217287
92.28515625,43,0.339956537,0.251243323,3126.533643,3162.743738,6931.233088,0.105345546
83.35433468,39,0.384183323,0.279797196,3934.491432,3509.578677,8525.190116,0.187178006
99.38401442,49,0.431416635,0.235033959,3510.795237,3148.742937,7257.122784,0.172034107
103.359375,50,0.522647273,0.321614742,3662.94957,3276.425158,7776.827975,0.156007371
92.28515625,45,0.379610572,0.223497421,3002.674938,2972.79646,6446.044355,0.143747808
99.38401442,48,0.385689134,0.164213896,2679.302938,2661.809854,5533.833204,0.125934235
92.28515625,46,0.400378211,0.221886575,3267.381914,3014.385395,6921.091482,0.146523301
58.72691761,28,0.322574156,0.147505313,1987.886179,2579.98042,4265.432541,0.06614019
117.4538352,55,0.412824336,0.202349633,2842.621648,3039.1051,6479.244154,0.124989418
103.359375,51,0.432739978,0.240931034,3940.227263,3361.583072,8259.35839,0.167398837
123.046875,60,0.437117259,0.167840868,3141.22314,2999.785093,6823.467073,0.136443997
117.4538352,56,0.345657972,0.133542344,2518.605605,2683.908303,5496.141766,0.100143385
95.703125,46,0.409441701,0.185675859,3645.446488,3200.706542,7658.520357,0.159240534
117.4538352,55,0.399895138,0.213083267,3634.050584,3134.249724,7534.687772,0.183105847
103.359375,49,0.386877458,0.196151584,3206.27441,3126.232433,7019.59922,0.141539205
129.1992188,61,0.292246454,0.199324265,1962.325584,2325.329148,3821.21856,0.095811212
151.9990809,75,0.333195898,0.198670357,2806.247388,2857.714955,6101.77977,0.128548353
117.4538352,53,0.425849048,0.078058571,1997.776664,2291.111534,4139.074972,0.08806107
80.74951172,40,0.316733564,0.126168564,1826.511801,2294.438829,3796.293711,0.074646563
99.38401442,50,0.349356643,0.194660082,2946.439032,3051.591696,6655.701421,0.121269864
161.4990234,76,0.383021644,0.086670481,1609.641458,1990.698833,3269.546896,0.060575975
151.9990809,74,0.375994506,0.126433223,2671.853645,2716.832738,5700.265531,0.117425594
89.10290948,43,0.390263545,0.120190717,2672.921105,2549.518284,5607.424426,0.111210212
143.5546875,71,0.398035337,0.068856396,2314.410443,2180.499597,4561.055753,0.123889651
172.265625,86,0.449305381,0.152518973,2454.13536,2820.83587,5582.107912,0.087576946
151.9990809,73,0.507310126,0.103881508,1312.608823,2137.401675,2648.367319,0.025949579
129.1992188,62,0.358519401,0.1319713,1923.622473,2314.408808,4493.381162,0.068219164
95.703125,43,0.373788289,0.07581006,1701.043131,2000.461157,3693.719331,0.065554781
123.046875,60,0.424333978,0.162339434,2617.466918,2787.611559,5720.24041,0.103215173
75.99954044,36,0.487690988,0.080526225,1814.033483,2187.794188,4067.933735,0.07047841
103.359375,48,0.378555464,0.092505395,1797.317239,2103.190592,3926.517924,0.07512653
143.5546875,71,0.342521507,0.109327108,2477.730312,2309.675821,4759.437887,0.114978897
161.4990234,69,0.440457991,0.210812271,2455.989277,2559.722919,5054.369437,0.088272331
123.046875,59,0.433429005,0.07130143,2480.626322,2521.459663,5048.94447,0.105710623
143.5546875,71,0.373566985,0.119974948,1931.347156,2205.494054,4123.125068,0.05904764
83.35433468,40,0.39593539,0.140107706,1728.687604,2361.72415,3518.737056,0.060497745
92.28515625,45,0.395327132,0.181140989,3122.92287,2918.242454,6473.510856,0.133561551
172.265625,84,0.41664792,0.267897844,3094.016263,3135.805367,6973.591165,0.10088072
143.5546875,72,0.39407873,0.138766706,1754.407242,2068.660072,3841.72677,0.071299267
143.5546875,70,0.391320799,0.094234683,1923.983366,2107.878485,4154.824876,0.084934483
129.1992188,60,0.370798531,0.139344677,1638.150102,2046.565579,3596.311587,0.056780458
143.5546875,71,0.389604857,0.171012476,2481.098502,2323.714369,4846.312362,0.13506003
89.10290948,43,0.375755385,0.298181832,2080.897269,2264.817112,4366.256931,0.082819983
95.703125,46,0.370642773,0.132951617,2322.862432,2804.13686,5451.950366,0.080739119
83.35433468,40,0.449286131,0.192284346,2152.928856,2667.003752,5073.019324,0.051066963
123.046875,59,0.328909057,0.094188981,2133.340149,2289.897248,4801.762631,0.097810822
172.265625,87,0.380650225,0.149088427,2288.742718,2533.976476,5006.286394,0.060999631
135.9991776,65,0.403606068,0.127763972,2086.479795,2318.17194,4678.546709,0.087378156
99.38401442,49,0.473491241,0.179493144,2567.551058,2630.174239,5315.434525,0.09943893
151.9990809,75,0.386021809,0.090597466,1754.160623,2026.126964,3768.868877,0.073911496
184.5703125,93,0.470739902,0.082520731,1291.452214,1746.464313,2827.382903,0.044613865
123.046875,58,0.362465323,0.126800179,1709.084136,1899.295438,3583.136667,0.073749743
117.4538352,58,0.431178657,0.180166975,2466.252405,2006.31389,4722.754775,0.139587213
129.1992188,63,0.461897924,0.112941235,2525.853201,2840.025246,5595.916162,0.082227016
107.6660156,53,0.375718853,0.120062232,3881.455235,3361.844402,8250.425111,0.189316316
75.99954044,35,0.342400605,0.105155922,1418.074424,1704.653277,2880.799247,0.060822384
151.9990809,73,0.455355133,0.182242543,2059.310218,2227.055179,4552.830803,0.072342344
161.4990234,74,0.272014968,0.110758588,2007.156209,2110.952856,4137.249983,0.0940308
161.4990234,77,0.389229545,0.129176721,1629.188676,1886.452718,3258.830294,0.067111839
86.1328125,42,0.395754075,0.11955075,1797.010172,1649.169529,3439.612534,0.099410208
89.10290948,42,0.416251234,0.162234083,1629.105445,1578.078709,3182.92242,0.079629904
161.4990234,76,0.370269249,0.100557141,2174.136637,2460.960294,4659.955155,0.083184682
151.9990809,67,0.486962655,0.063919932,1510.735855,1850.224029,3318.979931,0.065863925
95.703125,47,0.368794487,0.101917244,1691.876769,1963.602917,3657.427884,0.069472747
95.703125,48,0.372768892,0.103406817,2170.237814,2577.177522,4774.862794,0.078898616
92.28515625,45,0.30264256,0.039090782,2031.817021,1850.219477,3837.826793,0.101045496
143.5546875,67,0.408788154,0.150858968,3109.729638,2852.399531,6392.361346,0.121666309
143.5546875,69,0.419414517,0.185665563,2118.449263,2303.156924,4852.478991,0.079270874
123.046875,62,0.418555925,0.078436516,1995.452359,2295.347028,4557.18911,0.070322704
112.3471467,55,0.298979971,0.025840033,2395.744851,2300.864069,4792.462687,0.118532541
151.9990809,74,0.428831174,0.103879735,1585.548683,2126.917857,3736.260741,0.043678874
89.10290948,42,0.446628758,0.074242607,1615.888279,2062.862564,3560.103473,0.05914779
99.38401442,49,0.47707884,0.195809707,2538.855932,2644.407237,5260.418191,0.094315378
198.7680288,97,0.322453552,0.114277817,1788.45291,2120.84768,3820.060234,0.076022216
143.5546875,71,0.398875076,0.092214033,2170.828526,2054.80346,4307.148955,0.12004009
112.3471467,50,0.432725094,0.143004373,3086.092458,2974.038885,6572.085259,0.136075141
99.38401442,49,0.473491241,0.179493144,2567.551058,2630.174239,5315.434525,0.09943893
135.9991776,66,0.358642958,0.095344141,2104.860423,2311.407623,4381.448506,0.077861585
172.265625,80,0.454402621,0.192281917,2148.281991,2664.958779,5063.761047,0.051022745
151.9990809,75,0.4762494,0.080633625,3002.851704,2214.524618,5293.851322,0.186433869
129.1992188,62,0.428439833,0.107838258,2354.275407,2335.864738,5048.444473,0.120290278
107.6660156,54,0.458459714,0.073242329,1699.720192,2030.541315,3787.185433,0.061317467
78.30255682,37,0.487451676,0.072867051,1640.037202,1906.338666,3494.787201,0.067837836
161.4990234,76,0.364672501,0.100404605,1798.713233,1964.162813,3796.927041,0.073050957
83.35433468,39,0.387588058,0.207866699,3296.454457,3064.663313,6909.191554,0.121880215
123.046875,61,0.401944442,0.101100199,2009.331108,2141.033269,4303.565644,0.084468499
123.046875,60,0.371865594,0.091188952,2631.743802,2827.773301,5699.682201,0.112010283
151.9990809,77,0.33478863,0.110686988,1484.669047,1644.180464,2775.141552,0.076026373
86.1328125,43,0.569468507,0.117450111,4275.546426,2876.816935,7675.58692,0.274829404
151.9990809,73,0.517563658,0.086396188,1709.742071,2068.019241,3837.701794,0.063287599
129.1992188,64,0.427356783,0.075608209,2300.020086,2303.699578,4919.953583,0.11379523
75.99954044,37,0.469284879,0.063097812,2003.448924,2296.725462,4157.49986,0.089779502
129.1992188,63,0.365591019,0.134760663,2022.436648,2129.499861,3834.226815,0.095666466
161.4990234,78,0.49022778,0.092093781,1579.021704,2022.430936,3540.986921,0.058622472
151.9990809,71,0.396299346,0.096943073,2541.982713,2725.53836,5475.600223,0.101535667
161.4990234,75,0.452796604,0.094351165,2317.435971,2334.608023,4680.580031,0.093807823
151.9990809,76,0.348957038,0.082054809,1638.982587,1995.452645,3575.170048,0.063961442
129.1992188,64,0.663572675,0.350980729,4434.439444,2843.892837,7624.028899,0.260222538
117.4538352,57,0.294843353,0.061669093,2149.733561,2036.896359,4427.664893,0.102790384
95.703125,46,0.460108621,0.131103143,2955.744714,2690.531717,5870.956166,0.127108831
123.046875,59,0.40995812,0.139192984,2025.274943,2397.670003,4460.914692,0.064825383
143.5546875,71,0.362517035,0.125830933,2461.219469,2683.078667,5287.743026,0.08041448
143.5546875,71,0.395323517,0.116594441,1778.204716,2173.994237,3821.635224,0.060919511
151.9990809,75,0.469977656,0.144277066,2867.88041,2675.940521,5796.298284,0.130651515
135.9991776,67,0.402708924,0.134318188,1840.756249,2054.385577,4007.009103,0.074558506
129.1992188,61,0.425862868,0.139735058,1803.468087,1973.146839,3777.160493,0.077965137
86.1328125,42,0.434574448,0.079999655,1811.51565,2166.351672,4119.275091,0.059239249
172.265625,82,0.324218841,0.093527742,2322.23335,2592.856464,5228.010054,0.08097759
123.046875,60,0.361973725,0.11170806,1606.609516,1974.484057,3432.779242,0.070541146
184.5703125,89,0.41596447,0.097634174,1910.489131,2114.989142,3939.776177,0.083379692
99.38401442,49,0.501845615,0.190061569,3288.30101,3252.923482,7285.255947,0.134138267
89.10290948,44,0.370928039,0.107161082,2108.969923,2527.096042,4605.280486,0.08934073
151.9990809,74,0.389981772,0.155092686,2007.397428,2120.550975,4324.648849,0.092867541
151.9990809,73,0.369354729,0.151417211,1051.832283,1400.857148,2054.387577,0.038038319
129.1992188,63,0.326777741,0.056762584,1366.068494,1736.789706,2562.301173,0.071196093
135.9991776,67,0.348666397,0.123694725,1811.19501,2019.528836,3854.160028,0.072177568
161.4990234,80,0.45751357,0.091253236,4283.120844,3112.045683,7926.40207,0.223920415
151.9990809,75,0.444923192,0.057330523,2113.234387,2595.177654,4785.504396,0.060882852
151.9990809,75,0.394513458,0.106412761,1907.362937,2124.501777,4220.32448,0.077398625
129.1992188,64,0.395054804,0.11414668,1716.150093,2062.690149,3791.177075,0.064115636
117.4538352,58,0.435910761,0.112227648,2321.185733,2118.985282,4702.063234,0.128199527
123.046875,61,0.255691171,0.154710993,2495.737423,2249.869714,5213.168477,0.120642506
143.5546875,70,0.443612366,0.108293563,2474.462256,2123.322322,4754.529583,0.150183521
117.4538352,56,0.402190467,0.160759345,2807.32092,2688.491155,5678.498996,0.148371741
135.9991776,69,0.44279544,0.138849854,2047.007626,2070.341468,4095.933566,0.1019854
123.046875,56,0.394540066,0.141322553,1720.555158,2311.955597,3810.018628,0.053289549
89.10290948,44,0.359296717,0.15709424,1282.196292,1729.636951,2675.817153,0.047188679
92.28515625,44,0.408420686,0.089527741,2591.111736,2078.674826,4889.862098,0.161780957
117.4538352,57,0.369163969,0.126185715,2638.972291,2512.45945,5302.242938,0.132472366
151.9990809,75,0.402529166,0.07920479,2669.225602,2440.309176,5445.858736,0.133422096
95.703125,47,0.345615663,0.14588879,1659.791402,1953.527371,3580.761681,0.071206674
129.1992188,65,0.416484701,0.10691309,2471.235787,2102.216351,4687.104991,0.150945043
129.1992188,61,0.393009726,0.165778816,2334.723676,2208.278397,4819.854188,0.128580855
123.046875,61,0.418442565,0.180142596,2444.529063,2433.786012,5172.36039,0.111488744
92.28515625,45,0.383342588,0.222204998,2345.907602,2378.402042,4735.83803,0.115492877
99.38401442,47,0.37677982,0.203784525,1542.20591,1591.92467,2870.199311,0.077019942
129.1992188,64,0.390934522,0.076317295,2521.472177,2133.427221,4830.554124,0.146324512
123.046875,62,0.360034122,0.116751388,2148.474249,2107.224966,4479.46458,0.109116498
107.6660156,53,0.343350304,0.105238378,1610.278102,1816.22417,3381.487886,0.073293208
172.265625,87,0.408747737,0.260914236,1717.312205,1842.500561,3362.721333,0.084980968
117.4538352,58,0.368646854,0.104369082,2606.248738,2318.698211,5339.309381,0.149680879
151.9990809,74,0.374370378,0.107073709,2181.614361,2181.436109,4690.929968,0.106376152
99.38401442,48,0.358033044,0.144444302,1878.740319,2204.944115,4287.182409,0.071730481
117.4538352,59,0.409138081,0.190204918,3361.71688,2933.214589,6920.499819,0.187573318
73.828125,37,0.362349016,0.083887793,1398.672358,1818.148469,3014.740104,0.048731376
129.1992188,64,0.321502152,0.145620704,1646.231604,1700.774929,3183.855748,0.085264791
75.99954044,35,0.376626511,0.128266469,1181.54237,1607.877273,2367.952348,0.042540937
184.5703125,96,0.321796371,0.063030019,2255.932639,2058.091243,4509.114401,0.12098982
129.1992188,61,0.451847788,0.113382243,2626.99249,2442.762004,5047.85281,0.146319221
123.046875,60,0.358195125,0.05446073,1609.442919,1797.065098,3246.28037,0.076289788
135.9991776,54,0.428379525,0.216747746,2841.898916,2619.210025,5885.356079,0.146175231
123.046875,55,0.4405643,0.133781165,1596.48026,2237.776843,3822.99355,0.046099872
161.4990234,72,0.444196216,0.119012058,2794.378158,2731.99296,5877.581126,0.137648072
143.5546875,71,0.44267712,0.144361719,2559.226624,2731.069976,5447.258728,0.122787617
99.38401442,46,0.382453566,0.093335651,2975.97687,2423.245774,5926.697495,0.18373585
73.828125,35,0.294181461,0.135798186,2295.621308,2207.468009,4849.737341,0.115618726
143.5546875,69,0.461504509,0.184547812,2459.371553,2221.408983,5024.161286,0.142842296
123.046875,53,0.387524649,0.129162461,1995.882452,2097.045347,4227.074439,0.090195222
129.1992188,65,0.457220827,0.124174006,1867.235838,2422.256647,4270.982507,0.056988318
123.046875,57,0.395157717,0.114715055,2294.252374,2104.223156,4730.32973,0.12912129
107.6660156,51,0.436861909,0.14862828,1874.861642,1984.11516,3929.959569,0.076756905
129.1992188,48,0.340672593,0.113358796,2187.225615,2449.241557,4463.714675,0.088605662
112.3471467,46,0.395959398,0.101012416,2077.44331,2333.770032,4495.139485,0.091305192
95.703125,46,0.380016504,0.151226103,1421.568971,1902.883344,3042.739934,0.043097245
161.4990234,82,0.398191358,0.153522223,1857.863116,2182.366383,4191.541321,0.071702514
135.9991776,66,0.488447576,0.17575343,3303.877865,2914.142288,6719.401035,0.17756393
184.5703125,93,0.392897752,0.161538467,2157.822776,2060.259516,4244.324335,0.121603573
172.265625,81,0.368028668,0.054136992,2512.007842,2245.202379,5130.377311,0.139140882
117.4538352,57,0.480161086,0.140742481,2209.579972,2142.820905,4594.563884,0.115805422
112.3471467,55,0.454291832,0.160988897,2025.045157,2215.382497,4571.205692,0.090808219
172.265625,86,0.368837168,0.161725581,3030.39897,3055.334539,6731.700961,0.120808415
112.3471467,56,0.394375824,0.153878838,2140.701983,2246.175346,4832.329113,0.091163092
95.703125,46,0.45869147,0.169405982,2224.295945,2287.96373,4918.495259,0.110058669
107.6660156,52,0.455257646,0.128754809,2188.26513,2350.84814,4994.2698,0.106276757
129.1992188,64,0.356738585,0.106868707,2581.772682,2376.362209,5391.075734,0.139216089
123.046875,61,0.402070586,0.09124472,2467.007318,2398.970714,5402.450665,0.118280086
117.4538352,57,0.380442487,0.053540587,1935.576765,2007.518622,3983.150914,0.083594355
80.74951172,39,0.299721313,0.088378638,2072.220982,2739.51927,4688.438316,0.069091041
103.359375,52,0.392779085,0.100192562,2413.974746,2339.057682,5212.185149,0.119919154
123.046875,61,0.31969914,0.060457341,2947.489724,3203.246228,6983.766103,0.108570016
129.1992188,63,0.432103447,0.081616685,2077.190361,1926.989678,4030.767293,0.121824282
135.9991776,67,0.343654652,0.082328506,2336.147977,2099.296471,4501.456114,0.114201501
135.9991776,64,0.421081799,0.191175088,2789.712144,2648.716877,5836.16471,0.135007876
107.6660156,53,0.346682186,0.065504506,2632.695048,2550.454193,5310.709554,0.132433062
89.10290948,42,0.405458933,0.103341587,2797.268925,2891.819125,6205.320811,0.134676056
103.359375,50,0.403287041,0.165523589,1933.518476,2211.281522,4359.90697,0.081728531
103.359375,51,0.415029085,0.149181068,2510.520442,2115.355161,4735.604698,0.157890202
129.1992188,65,0.431614747,0.147241294,1711.18639,2248.251429,3614.611476,0.066574427
112.3471467,54,0.338827481,0.075926058,1863.012507,2067.236439,3985.075903,0.068190064
75.99954044,38,0.329664349,0.053112,1711.422828,2309.491916,3492.603881,0.055834507
103.359375,50,0.361309398,0.12068069,2428.477653,2501.827204,5034.036227,0.118165196
172.265625,81,0.311455917,0.047028046,2569.078477,2345.373666,5365.900886,0.137689644
92.28515625,44,0.311549019,0.144370109,1651.93342,2104.035579,3456.345767,0.068929666
103.359375,49,0.351990685,0.079469152,2008.581132,2106.617024,4254.215942,0.089266656
112.3471467,53,0.416113559,0.142875805,3009.861817,2777.947295,6130.754595,0.144744401
112.3471467,54,0.383127579,0.152745351,2263.527553,2150.424053,4603.730495,0.122938788
117.4538352,50,0.398652652,0.076451674,2006.051164,2068.327905,4147.374921,0.097658895
112.3471467,55,0.38916468,0.10197857,2629.346944,2210.63768,5086.735908,0.146704706
103.359375,51,0.343540703,0.105791852,1939.946102,1881.661336,3749.160663,0.098366374
117.4538352,57,0.323506588,0.127883598,1673.288364,1947.27806,3429.595928,0.074886546
151.9990809,70,0.361250071,0.097026728,1561.095692,1568.306848,3242.738725,0.078965131
117.4538352,58,0.390469885,0.096508741,2944.965888,2831.604536,6334.595029,0.11496
99.38401442,47,0.398054632,0.152506709,2188.376105,2120.348371,4433.073194,0.117589614
135.9991776,59,0.411539125,0.219386637,2794.957194,2633.944002,5862.414551,0.140550171
73.828125,33,0.405077281,0.15660052,2320.615817,2045.001158,4467.031322,0.143449246
117.4538352,56,0.339462568,0.051207516,2424.577417,2927.316974,5644.765867,0.086567504
117.4538352,55,0.343200306,0.123423643,1537.113369,2037.209163,3415.396014,0.054334139
107.6660156,49,0.461370917,0.138950855,2998.527615,2691.400361,5963.36394,0.156303666
151.9990809,66,0.36552483,0.180543154,1529.345464,1845.423388,3271.66355,0.054981527
123.046875,60,0.378724147,0.101712942,2116.115588,2245.391698,4689.696642,0.092801026
123.046875,62,0.390089332,0.122628249,3489.009117,3241.742261,7660.553678,0.175102872
89.10290948,42,0.42029465,0.1398938,2740.046298,2541.912559,5327.184454,0.144028985
135.9991776,68,0.301092021,0.087487824,2437.399429,2789.821383,5497.725089,0.09894309
198.7680288,98,0.415836626,0.173933476,2342.30491,2112.831477,4594.505551,0.138488958
117.4538352,59,0.408571727,0.126917005,2301.761135,2355.225614,5092.235875,0.111545433
123.046875,59,0.418811557,0.166055709,2312.03007,2060.825761,4528.197619,0.140587585
117.4538352,56,0.335774446,0.093675658,2553.856706,2219.090892,5123.752351,0.136173402
103.359375,45,0.37283411,0.208742827,1345.850763,1841.748033,2939.26556,0.041099147
112.3471467,45,0.344472072,0.180163026,1675.475369,1653.42286,3253.563659,0.087294257
75.99954044,36,0.360098226,0.042994872,2209.357588,2175.214294,4575.588999,0.107147122
